"Sl No.","Financial Year","Sl No","Work Name Original (Kannada/English)","Work Name Rough Translation (English)","Value (In Rs. Lakhs)"
"1","2013-14","1","Providing Cement Concree Road at 1st Cross, ambedkar colony, SC/ST colony at watd No.147, (Adugodi) BTM Assembly Constituency (Stage-1) Bangalore","Providing Cement Concree Road at 1st Cross, ambedkar colony, SC/ST colony at watd No.147, (Adugodi) BTM Assembly Constituency (Stage-1) Bangalore","2.45"
"2","2013-14","2","Providing Cement Concree Road at 1st Cross, ambedkar colony, SC/ST colony at watd No.147, (Adugodi) BTM Assembly Constituency (Stage-2) Bangalore","Providing Cement Concree Road at 1st Cross, ambedkar colony, SC/ST colony at watd No.147, (Adugodi) BTM Assembly Constituency (Stage-2) Bangalore","2.50"
"3","2013-14","3","Providing Cement Concree Road at 2nd Cross, ambedkar colony, SC/ST colony at watd No.147, (Adugodi) BTM Assembly Constituency (Stage-1) Bangalore","Providing Cement Concree Road at 2nd Cross, ambedkar colony, SC/ST colony at watd No.147, (Adugodi) BTM Assembly Constituency (Stage-1) Bangalore","2.35"
"4","2013-14","4","Providing Cement Concree Road at 2nd Cross, ambedkar colony, SC/ST colony at watd No.147, (Adugodi) BTM Assembly Constituency (Stage-2) Bangalore","Providing Cement Concree Road at 2nd Cross, ambedkar colony, SC/ST colony at watd No.147, (Adugodi) BTM Assembly Constituency (Stage-2) Bangalore","2.40"
"5","2013-14","5","ಬೆಂಗಳೂರು ನಗರ ವಾರ್ಡ್ ನಂ.148 ಈಜಿಪುರದ ಗ್ರೇಫಿ ಗಾರ್ಡನ್ ನಲ್ಲಿ ಕೊಳವೆ ಬಾವಿ ಕೊರೆಯಿಸಿ ನೀರು ಸರಬರಾಜಿನ ಕಾಮಗಾರಿ","Bangalore Urban Ward No. 148 Construction of Water Supply Borewells at Griffi Garden, Yizhpur","5.00"
"6","2013-14","6","ಬೆಂಗಳೂರು ನಗರ ವಾರ್ಡ್ ನಂ.148 ಈಜಿಪುರದ 20ನೇ ಸಿ ಅಡ್ಡರಸ್ತೆಯಲ್ಲಿ ಕೊಳವೆ ಬಾವಿ ಕೊರೆಯಿಸಿ ನೀರು ಸರಬರಾಜಿನ ಕಾಮಗಾರಿ","Bangalore Urban Ward No.148 Construction of Water Supply Borewells on 20th C in Jaffna","5.00"
"7","2013-14","7","ಬೆಂಗಳೂರು ನಗರ ವಾರ್ಡ್ ನಂ.148 ಈಜಿಪುರದ ಎನ್.ಜಿ.ವಿ. ಮಲ್ಲಪ್ರಭಾ ಬ್ಲಾಕ್ ನಲ್ಲಿ ಕೊಳವೆ ಬಾವಿ ಕೊರೆಯಿಸಿ ನೀರು ಸರಬರಾಜಿನ ಕಾಮಗಾರಿ","Bangalore City Ward No 148 NGV Construction of water supply by drilling the tube well at the Mallaprabha block","5.00"
"8","2013-14","8","ಬೆಂಗಳೂರು ನಗರ ವಾರ್ಡ್ ನಂ.151 ಈಜಿಪುರದ ಕೋರಮಂಗಲ ಸಿದ್ದಾರ್ಥ ಕಾಲೋನಿಯಲ್ಲಿ ಕೊಳವೆ ಬಾವಿ ಕೊರೆಯಿಸಿ ನೀರು ಸರಬರಾಜಿನ ಕಾಮಗಾರಿ","Bangalore Urban Ward No.151 Construction of Water Supply Borewells in Koramangala Siddhartha Colony, Yizhpur","5.00"
"9","2013-14","9","Improvements to park at krishna and Sharavathi Block at National games village Koramangala Bangalore","Improvements to park at krishna and Sharavathi Block at National games village Koramangala Bangalore","2.00"
"10","2013-14","10","ವಾರ್ಡ್ ನಂ.108, ಈಜೀಪುರದ ಶ್ರೀರಾಮ ದೇವಾಲಯ ಹಿಂಬಾಗ ಕೊಳವೆ ಬಾವಿ ಕೊರೆದು ನೀರಿನ ಟ್ಯಾಂಕ್ ಅಳವಡಿಸಿ ಪೈಪ್ ಲೈನ್ ಮುಕಾಂತರ ನೀರು ಸರಬರಾಜು ಕಾಮಗಾರಿ","Ward No.108, Srirama Temple of Ezhipuram rear pipe well drilling water tank and pipeline line water supply works","6.00"
"11","2013-14","11","ವಾರ್ಡ್ ನಂ.148, ಈಜೀಪುರದ ಆರ್.ಎ.ರಸ್ತೆ 3ನೇ ಅಡ್ಡರಸ್ತೆ ಕೊಳವೆ ಬಾವಿ ಕೊರೆದು ನೀರಿನ ಟ್ಯಾಂಕ್ ಅಳವಡಿಸಿ ಪೈಪ್ ಲೈನ್ ಮುಖಾಂತರ ನೀರು ಸರವರಾಜು ಕಾಮಗಾರಿ","Ward No. 148, RA Road of Ezhipuram 3rd crossroads pipe well drilled water tank through water pipeline through pipe line","6.00"
"12","2013-14","12","ವಾರ್ಡ್ ನಂ.148, ಈಜೀಪುರದ 26ನೇ ಅಡ್ಡರಸ್ತೆ ಕೊಳವೆ ಬಾವಿ ಕೊರೆದು ನೀರಿನ ಟ್ಯಾಂಕ್ ಅಳವಡಿಸಿ ಪೈಪ್ ಲೈನ್ ಮುಖಾಂತರ ನೀರು ಸರವರಾಜು ಕಾಮಗಾರಿ","Ward No. 148, 26th crossing of Ezhipuram with water pipeline drilled by water pipeline through water pipeline","6.00"
"13","2013-14","13","ವಾರ್ಡ್ ನಂ.172, ಮಡಿವಾಳದ ತಾವರೆಕೆರೆ 2ನೇ ಅಡ್ಡರಸ್ತೆ ಕೊಳವೆ ಬಾವಿ ಕೊರೆದು ನೀರಿನ ಟ್ಯಾಂಕ್ ಅಳವಡಿಸಿ ಪೈಪ್ ಲೈನ್ ಮುಖಾಂತರ ನೀರು ಸರಬರಾಜು ಕಾಮಗಾರಿ","Ward No.172, Thawakere 2nd Division of Madiva, dump wells and water tank through water pipeline through pipe line","6.00"
"14","2013-14","14","ವಾರ್ಡ್ ನಂ.172, ಮಡಿವಾಳದ ವೆಂಕಟೇಶ್ವರ ಬಡಾವಣೆಯ 15ನೇ ಅಡ್ಡರಸ್ತೆ ಕೊಳವೆ ಬಾವಿ ಕೊರೆದು ನೀರಿನ ಟ್ಯಾಂಕ್ ಅಳವಡಿಸಿ ಪೈಪ್ ಲೈನ್ ಮುಖಾಂತರ ನೀರು ಸರಬರಾಜು ಕಾಮಗಾರಿ","Ward No.172, 15th crossing of Venkateshwara Layout in Madivakavu Well water tank with water pipeline through water pipeline","6.00"
"15","2013-14","15","ವಾರ್ಡ್ ನಂ.172, ಮಡಿವಾಳದ 2ನೇ ಅಡ್ಡರಸ್ತೆ ಕೊಳವೆ ಬಾವಿ ಕೊರೆದು ನೀರಿನ ಟ್ಯಾಂಕ್ ಅಳವಡಿಸಿ ಪೈಪ್ ಲೈನ್ ಮುಖಾಂತರ ನೀರು ಸರಬರಾಜು ಕಾಮಗಾರಿ","Ward No.172, Water Supply Work by Pipeline Line, 2nd Division of Madiva","6.00"
"16","2013-14","16","ವಾರ್ಡ್ ನಂ.172, ಮಡಿವಾಳದ ವೆಂಕಟೇಶ್ವರ ಬಡಾವಣೆಯ 2ನೇ ಮುಖ್ಯರಸ್ತೆ ಕೊಳವೆ ಬಾವಿ ಕೊರೆದು ನೀರಿನ ಟ್ಯಾಂಕ್ ಅಳವಡಿಸಿ ಪೈಪ್ ಲೈನ್ ಮುಖಾಂತರ ನೀರು ಸರಬರಾಜು ಕಾಮಗಾರಿ","Ward No.172, 2nd Main Road, Madivala Venkateswara Layout, Water Supply Project by Pipeline Line","6.00"
"17","2013-14","17","ವಾರ್ಡ್ ನಂ. 173, ಜಕ್ಕಸಂದ್ರ ವೆಂಕಟಾಪುರ 5ನೇ ಕ್ರಾಸ್ ಇಲ್ಲಿ ಕೊಳವೆ ಬಾವಿ ಕೊರೆದು ನೀರಿನ ಟ್ಯಾಂಕರ್ ಅಳವಡಿಸಿ ಪೈಪ್ ಲೈನ್ ಮುಖಾಂತರ ನೀರು ಸರಬರಾಜು ಕಾಮಗಾರಿ","Ward no. 173, Jakasandra Venkatapura 5th Cross, Tube Wells, Water Tankers, Water Supply Works by Pipeline","6.00"
"18","2013-14","18","ಶ್ರೀ.ಬೆಂಜಮಿನ್ ಪಾಲ್ ಡಬ್ಲೂ ಸೆಂಟ್ ಜೋಸೆಫ್ ಕಾಲ್ಭೆಜ್ ಬ್ರಿಗೇಡ್ ರಸ್ತೆ ಇಲ್ಲಿ ಬಿ.ಕಾಂ ಓದುತ್ತಿದ್ದು ಆತ ಕಾಲೇಜಿನಿಂದ ಮನೆಗೆ ಓಡಾಡಲು ತ್ರಿಚಕ್ರ ಮೋಟಾರ್ ಸೈಕಲ್ ವಾಹನ ಒದಗಿಸಲು ಅನುದಾನ ರೂ.80.000/- ಗಳನ್ನು ಬಿಡುಗಡೆ ಮಾಡುವ ಬಗ್ಗೆ","Mr. Benjamin Paul W. St. Joseph Calbhaj Brigade Road reads BCom here for granting Rs. 80,000 / - for a three-wheeler motor vehicle to travel from college to home","0.80"
"19","2013-14","19","ವಾರ್ಡ್ ನಂ.146 ಲಕ್ಕಸಂದ್ರ 6ನೇ ಮುಖ್ಯರಸ್ತೆಯ ಪಾತಾಳೇಶ್ವರ ದೇವಾಲಯದ ಆವರಣದ 2ನೇ ಮಹಡಿಯಲ್ಲಿ ಧ್ಯಾನ ಮಂದಿರ ನಿರ್ಮಿಸುವ ಕಾಮಗಾರಿ","WARD No. 146 The construction of the meditation hall on the 2nd floor of the Pataleshwara temple complex on 6th floor of Lakkasundra.","5.00"
"20","2013-14","20","ಆಡುಗೋಡಿ ಸರ್ಕಾರಿ ಪದವಿ ಪೂರ್ವ ಕಾಲೇಜಿಗೆ 50 ಡೆಸ್ಕ್‍ಗಳನ್ನು ಹಾಗೂ ಹೊಸದಾಗಿ ನಿರ್ಮಿಸಲಾಗಿರುವ ಪ್ರಯೋಗಲಾಯಕ್ಕೆ 30 ಸ್ಟೂಲ್‍ಗಳನ್ನು ಸರಬರಾಜು ಕುರಿಉ.","The Adugodi Government Degree College is offering 50 desks and 30 stalls for the newly constructed experiment.","4.00"
"21","2013-14","21","ವಾರ್ಡ್ ನಂ.148, ಈಜೀಪುರ 1ನೇ ಕ್ರಾಸ್ ಗ್ರೇಪ್ ಗಾರ್ಡನ್ ಕೊಳವೆ ಬಾವಿ ಕೊರೆದು ನೀರಿನ ಟ್ಯಾಂಕರ್ ಅಳವಡಿಸಿ, ಪೈಪ್‍ಲೈನ್ ಮುಖಾಂತರ ನೀರು ಸರಬರಾಜು ಕಾಮಗಾರಿ.","Ward No. 148, Ezhipur 1st Cross Grape Garden fountain well drilled water tanker, water supply through pipeline.","0.00"
"22","2013-14","22","ವಾರ್ಡ್ ನಂ.148, ಈಜೀಪುರ 28ನೇ ಕ್ರಾಸ್ ಶ್ರೀರಾಮ ದೇವಾಲಯ ರಸ್ತೆ ಡಾ.ಸದಾನಂದ ರವರ ಮನೆಯ ಹತ್ತಿರ- ಕೊಳವೆ ಬಾವಿ ಕೊರೆದು ನೀರಿನ ಟ್ಯಾಂಕರ್ ಅಳವಡಿಸಿ, ಪೈಪ್‍ಲೈನ್ ಮುಖಾಂತರ ನೀರು ಸರಬರಾಜು ಕಾಮಗಾರಿ.","Ward No 148, 28th Cross Sri Sri Rama Temple Road, Sadananda Road, Adjoining the House, Water Tanker, Water Supply Work, Pipeline.","0.00"
"23","2013-14","23","ವಾರ್ಡ್ ನಂ.148, ಈಜೀಪುರ 21ನೇ ಅಡ್ಡರಸ್ತೆ, 6ನೇ ಕ್ರಾಸ್ ಶ್ರೀರಾಮ ದೇವಾಲಯ ರಸ್ತೆ ಪಾಲ್ ನರ್ಸರಿ ರಸ್ತೆ- ಕೊಳವೆ ಬಾವಿ ಕೊರೆದು ನೀರಿನ ಟ್ಯಾಂಕರ್ ಅಳವಡಿಸಿ, ಪೈಪ್‍ಲೈನ್ ಮುಖಾಂತರ ನೀರು ಸರಬರಾಜು ಕಾಮಗಾರಿ.","Ward No. 148, Ezhipur 21st Crossroads, 6th Cross Sriram Temple Road Road Nursery Road - Tube Wells, Water Tankers, Water Supply Works by Pipeline.","0.00"
"24","2013-14","24","ವಾರ್ಡ್ ನಂ.148, ಈಜೀಪುರ ಶ್ರೀ ಲಕ್ಷ್ಮಿ ಫಾಸ್ಟ್ ಪುಡ್ ಹತ್ತಿರ ಕೊಳವೆ ಬಾವಿ ಕೊರೆದು ನೀರಿನ ಟ್ಯಾಂಕರ್ ಅಳವಡಿಸಿ, ಪೈಪ್ ಲೈನ್ ಮುಖಾಂತರ ನೀರು ಸರಬರಾಜು ಕಾಮಗಾರಿ.","Ward No. 148, Ezhipuram near the Sri Lakshmi Fast Puddle, a water tanker is installed and water supply works through the pipeline.","0.00"
"25","2013-14","25","ವಾರ್ಡ್ ನಂ.148, ಈಜೀಪುರ 20-ಎನೇ ಅಡ್ಡರಸ್ತೆ (ಶ್ರೀ ರಾಮ ದೇವಾಲಯ ರಸ್ತೆ ಹಿಂಭಾಗ) ಕೊಳವೆ ಬಾವಿ ಕೊರೆದು ನೀರಿನ ಟ್ಯಾಂಕರ್ ಅಳವಡಿಸಿ, ಪೈಪ್ ಲೈನ್ ಮುಖಾಂತರ ನೀರು ಸರಬರಾಜು ಕಾಮಗಾರಿ.","Ward No. 148, Ezhipur 20th NH crossing (Shri Rama Temple road back) is a tube well drilled by water tanker and water supply through pipe line.","0.00"
"26","2013-14","26","ವಾರ್ಡ್ ನಂ.148 ಈಜೀಪುರ 21- ಎನೇ ಅಡ್ಡರಸ್ತೆ ಶ್ರೀ ರಾಮ ದೇವಾಲಯ ರಸ್ತೆ- ಕೊಳವೆ ಬಾವಿ ಕೊರೆದು ನೀರಿನ ಟ್ಯಾಂಕರ್ ಅಳವಡಿಸಿ, ಪೈಪ್ ಲೈನ್ ಮುಖಾಂತರ ನೀರು ಸರಬರಾಜು ಕಾಮಗಾರಿ.","Ward No 148 Ezhipur 21st Crossroads Sri Rama Temple Road-Pipe Well Drilled Water Tanker, Water Supply Work Through Pipe Line.","0.00"
"27","2013-14","27","ವಾರ್ಡ್ ನಂ.151 ಕೋರಮಂಗಲದ ಕೆ.ಆರ್.ಗಾರ್ಡ್‍ನ್ ಕೊಳವೆ ಬಾವಿ ಕೊರೆದು ನೀರಿನ ಟ್ಯಾಂಕರ್ ಅಳವಡಿಸಿ, ಪೈಪ್ ಲೈನ್ ಮುಖಾಂತರ ನೀರು ಸರಬರಾಜು ಕಾಮಗಾರಿ.","Ward No.151 Koramangala KR Gordon Pipe Well drilled water tanker and water supply works through the pipeline.","0.00"
"28","2013-14","28","ವಾರ್ಡ್ ನಂ.151 ಕೋರಮಂಗಲ ಗ್ರಾಮ ಕೊಳವೆ ಬಾವಿ ಕೊರೆದು ನೀರಿನ ಟ್ಯಾಂಕರ್ ಅಳವಡಿಸಿ, ಪೈಪ್ ಲೈನ್ ಮುಖಾಂತರ ನೀರು ಸರಬರಾಜು ಕಾಮಗಾರಿ.","Ward No.151 Koramangala Gram pipe well drilled water tanker and water supply work through pipeline.","0.00"
"29","2013-14","29","ವಾರ್ಡ್ ನಂ.146 ಲಕ್ಕಸಂದ್ರದ ಸತ್ತಾರ್ ಬಡಾವಣೆ ಕೊಳವೆ ಬಾವಿ ಕೊರೆದು ನೀರಿನ ಟ್ಯಾಂಕರ್ ಅಳವಡಿಸಿ ಪೈಪ್ ಲೈನ್ ಮುಖಾಂತರ ನೀರು ಸರಬರಾಜು ಕಾಮಗಾರಿ.","Water supply works through the pipeline by utilizing a water tanker by the Watt No.146 Lakhasandra Sattar Layout pipe well.","0.00"
"30","2013-14","30","ವಾರ್ಡ್ ನಂ.173 ಜಕ್ಕಸಂದ್ರದ 7ನೇ ಎ ಕ್ರಾಸ್ ವೆಂಕಾಟಪುರ ಮುಖ್ಯರಸ್ತೆ, ಕೊಳವೆ ಬಾವಿ ಕೊರೆದು ನೀರಿನ ಟ್ಯಾಂಕರ್ ಅಳವಡಿಸಿ ಪೈಪ್ ಲೈನ್ ಮುಖಾಂತರ ನೀರು ಸರಬರಾಜು ಕಾಮಗಾರಿ.","Ward No.173 7th A Cross Venkatapuram Main Road, Water Supply Project by Pipeline Line, Tube Well Drilling Water Tanker.","0.00"
"31","2013-14","31","ವಾರ್ಡ್ ನಂ.151 ಕೋರಮಂಗಲ 1ನೇ ಬ್ಲಾಕ್ ಜಕ್ಕಸಂದ್ರ ಎಕ್ಸ್‍ಟೆನ್‍ಷನ್, 1ನೇ ಮೈನ್ ಕೊಳವೆ ಬಾವಿ ಕೊರೆದು ನೀರಿನ ಟ್ಯಾಂಕರ್ ಅಳವಡಿಸಿ ಪೈಪ್ ಲೈನ್ ಮುಖಾಂತರ ನೀರು ಸರಬರಾಜು ಕಾಮಗಾರಿ.","Ward No.151 Koramangala 1st Block Jakasandra Extension, 1st Mine Pipe Well Drinking Water Tanker, Water Supply Work Through Pipe Line.","0.00"
"32","2013-14","32","ವಾರ್ಡ್ ನಂ.151 ಕೋರಮಂಗಲ 1ನೇ ಬ್ಲಾಕ್ 1ನೇ ಮೈನ್, ಜಕ್ಕಸಂದ್ರ ಶ್ರೀ ಮುನೇಶ್ವರ ದೇವಸ್ಥಾನದ ಹತ್ತಿರ ಕೊಳವೆ ಬಾವಿ ಕೊರೆದು ನೀರಿನ ಟ್ಯಾಂಕರ್ ಅಳವಡಿಸಿ ಪೈಪ್ ಲೈನ್ ಮುಖಾಂತರ ನೀರು ಸರಬರಾಜು ಕಾಮಗಾರಿ.","Ward No.151 Koramangala 1st Block 1st Mine, Water Supply Project by Pipeline Line by Water Tanker near Jakasandra Sri Muneswara Temple.","0.00"
"33","2013-14","33","ವಾರ್ಡ್ ನಂ.148, ಈಜೀಪುರದ ಸಂಪಂಗಿರಾಮಯ್ಯ ರಸ್ತೆ, 21ನೇ ಅಡ್ಡರಸ್ತೆ, -ಕೊಳವೆ ಬಾವಿ ಕೊರೆದು ನೀರಿನ ಟ್ಯಾಂಕರ್ ಅಳವಡಿಸಿ ಪೈಪ್ ಲೈನ್ ಮುಖಾಂತರ ನೀರು ಸರಬರಾಜು ಕಾಮಗಾರಿ.","Ward No. 148, Sampangiramayya Road, 21th Cross, Ezhipuram, Water Supply Project by Pipeline, Water Tanker.","7.00"
"34","2013-14","34","ವಾರ್ಡ್ ನಂ.148- ಈಜೀಪುರ 5ನೇ ಕ್ರಾಸ್, ಶ್ರೀನಿವಾಗಿಲು ಕೊಳವೆ ಬಾವಿ ಕೊರೆದು ನೀರಿನ ಟ್ಯಾಂಕರ್ ಅಳವಡಿಸಿ, ಪೈಪ್‍ಲೈನ್ ಮುಖಾಂತರ ನೀರು ಸರಬರಾಜು ಕಾಮಗಾರಿ.","Ward No.148- Ezipur 5th Cross, Sugar Pipe Well Drilled Water Tanker, Water Supply Work Through Pipeline.","6.00"
"35","2013-14","35","ವಾರ್ಡ್ ನಂ.151 ಕೋರಮಂಗಲದ, ಎನ್.ಜಿ.ವಿ ಯ ಜೆ-1 ಜುಡಿಷಿಯಲ್ ಬ್ಲಾಕ್‍ನಲ್ಲಿ -ಕೊಳವೆ ಬಾವಿ ಕೊರೆದು ನೀರಿನ ಟ್ಯಾಂಕರ್ ಅಳವಡಿಸಿ ಪೈಪ್ ಲೈನ್ ಮುಖಾಂತರ ನೀರು ಸರಬರಾಜು ಕಾಮಗಾರಿ.","Ward No .151 Water Supply Work Through Pipe Line Implementing Water Tanker in NGV J-1 Judicial Block at Koramangala.","6.00"
"36","2013-14","36","ವಾರ್ಡ್ ನಂ.151 ಕೋರಮಂಗಲ 4ನೇ ಬ್ಲಾಕ್, 8ನೇ ಬಿ ಮೈನ್‍ನಲ್ಲಿ -ಕೊಳವೆ ಬಾವಿ ಕೊರೆದು ನೀರಿನ ಟ್ಯಾಂಕರ್ ಅಳವಡಿಸಿ ಪೈಪ್ ಲೈನ್ ಮುಖಾಂತರ ನೀರು ಸರಬರಾಜು ಕಾಮಗಾರಿ.","Ward No.151 Koramangala 4th Block, 8th B Mine - Construction of water supply through Pipeline by water tanker and water tanker.","6.00"
"37","2013-14","37","ವಾರ್ಡ್ ನಂ.151 ಕೋರಮಂಗಲದ ಕೆ.ಆರ್.ಗಾರ್ಡ್‍ನ್‍ನಲ್ಲಿ ಕೊಳವೆ ಬಾವಿ ಕೊರೆಯುವ ಕಾಮಗಾರಿ.","Ward No. 151 Construction of the tube well at KR Gardham in Koramangala.","2.40"
"38","2013-14","38","ವಾರ್ಡ್ ನಂ.151 ಕೋರಮಂಗಲದ ಕೆ.ಆರ್.ಗಾರ್ಡ್‍ನ್‍ನಲ್ಲಿ ಕೊಳವೆ ಬಾವಿಗೆ ಪಂಪ್ ಮತ್ತು ಮೋಟಾರ್ ಅಳವಡಿಸುವ ಕಾಮಗಾರಿ.","Ward No.151 The pump and motor installation work for the pipe well at KR Gardham, Koramangala.","2.40"
"39","2013-14","39","ವಾರ್ಡ್ ನಂ.151 ಕೋರಮಂಗಲದ ಕೆ.ಆರ್.ಗಾರ್ಡ್‍ನ್‍ನಲ್ಲಿ ಪೈಪ್ ಲೈನ್ ಮುಖಾಂತರ ನೀರು ಸರಬರಾಜು ಹಾಗೂ ವಿದ್ಯುತ್ ಸಂಪರ್ಕ ಕಲ್ಪಿಸುವ ಕಾಮಗಾರಿ.","Ward No.151 Construction of water supply and power through the pipeline at KR Gardam, Koramangala.","1.20"
"40","2013-14","40","ವಾರ್ಡ್ ನಂ.151 ಕೋರಮಂಗಲ - ಕೋರಮಂಗಲ ಗ್ರಾಮದಲ್ಲಿ ಕೊಳವೆ ಬಾವಿ ಕೊರೆಯುವ ಕಾಮಗಾರಿ.","Ward No.151 Koramangala - The construction of the tube well in the Koramangala village.","2.50"
"41","2013-14","41","ವಾರ್ಡ್ ನಂ.151 ಕೋರಮಂಗಲ - ಕೋರಮಂಗಲ ಗ್ರಾಮದಲ್ಲಿ ಕೊಳವೆ ಬಾವಿಗೆ ಪಂಪ್ ಮತ್ತು ಮೋಟಾರ್ ಅಳವಡಿಸುವ ಕಾಮಗಾರಿ.","Ward No.151 Koramangala - Pump and motor installation work for the pipe well in Koramangala village.","2.50"
"42","2013-14","42","ವಾರ್ಡ್ ನಂ.151 ಕೋರಮಂಗಲ - ಕೋರಮಂಗಲ ಗ್ರಾಮದಲ್ಲಿ ಪೈಪ್ ಲೈನ್ ಮುಖಾಂತರ ನೀರು ಸರಬರಾಜು ಹಾಗೂ ವಿದ್ಯುತ್ ಸಂಪರ್ಕ ಕಲ್ಪಿಸುವ ಕಾಮಗಾರಿ.","Ward No.151 Koramangala - Construction of water supply and power through Pipeline in Koramangala village.","1.00"
"43","2013-14","43","ವಾರ್ಡ್ ನಂ.146 ಲಕ್ಕಸಂದ್ರದ ಸತ್ತಾರ್ ಬಡಾವಣೆಯಲ್ಲಿ ಕೊಳವೆ ಬಾವಿ ಕೊರೆಯುವ ಕಾಮಗಾರಿ.","WORLD No. 146 Borewell workshops in Sattar Layout in Lakshadweep.","2.50"
"44","2013-14","44","ವಾರ್ಡ್ ನಂ.146 ಲಕ್ಕಸಂದ್ರದ ಸತ್ತಾರ್ ಬಡಾವಣೆಯಲ್ಲಿ ಕೊಳವೆ ಬಾವಿಗೆ ಪಂಪ್ ಮತ್ತು ಮೋಟಾರ್ ಅಳವಡಿಸುವ ಕಾಮಗಾರಿ.","Work on pump and motor to the nozzle well at Sattar Layout Ward No. 146 Lakshadra.","2.50"
"45","2013-14","45","ವಾರ್ಡ್ ನಂ.146 ಲಕ್ಕಸಂದ್ರದ ಸತ್ತಾರ್ ಬಡಾವಣೆಯಲ್ಲಿ ಪೈಪ್ ಲೈನ್ ಮುಖಾಂತರ ನೀರು ಸರಬರಾಜು ಹಾಗೂ ವಿದ್ಯುತ್ ಸಂಪರ್ಕ ಕಲ್ಪಿಸುವ ಕಾಮಗಾರಿ.","Water supply and power connection through the pipeline in the Sattar Layout of Ward No. 146 Lakshadra.","1.00"
"46","2013-14","46","ವಾರ್ಡ್ ನಂ.173 ಜಕ್ಕಸಂದ್ರದ 7ನೇ ಎ ಕ್ರಾಸ್ ವೆಂಕಾಟಪುರ ಮುಖ್ಯರಸ್ತೆಯಲ್ಲಿ ಕೊಳವೆ ಬಾವಿ ಕೊರೆಯುವ ಕಾಮಗಾರಿ.","WORLD No.173 7th A Cross of Venkatapura is the construction of the tube well at Venkatupura mainland.","2.40"
"47","2013-14","47","ವಾರ್ಡ್ ನಂ.173 ಜಕ್ಕಸಂದ್ರದ 7ನೇ ಎ ಕ್ರಾಸ್ ವೆಂಕಾಟಪುರ ಮುಖ್ಯರಸ್ತೆಯಲ್ಲಿ ಕೊಳವೆ ಬಾವಿಗೆ ಪಂಪ್ ಮತ್ತು ಮೋಟಾರ್ ಅಳವಡಿಸುವ ಕಾಮಗಾರಿ.","Ward No.173 7th A Cross of Venkatupura Main article: Pump and motor installation to the tube wells.","2.40"
"48","2013-14","48","ವಾರ್ಡ್ ನಂ.173 ಜಕ್ಕಸಂದ್ರದ 7ನೇ ಎ ಕ್ರಾಸ್ ವೆಂಕಾಟಪುರ ಮುಖ್ಯರಸ್ತೆಯಲ್ಲಿ ಪೈಪ್ ಲೈನ್ ಮುಖಾಂತರ ನೀರು ಸರಬರಾಜು ಹಾಗೂ ವಿದ್ಯುತ್ ಸಂಪರ್ಕ ಕಲ್ಪಿಸುವ ಕಾಮಗಾರಿ.","Work on water supply and power connectivity through the pipeline at the 7th A Cross of Venkatapuram on Ward No.173.","1.20"
"49","2013-14","49","ವಾರ್ಡ್ ನಂ.151 ಕೋರಮಂಗಲದ 1ನೇ ಬ್ಲಾಕ್ ಜಕ್ಕಸಂದ್ರ ಎಕ್ಸ್‍ಟೆನ್‍ಷನ್, 1ನೇ ಮೈನ್‍ನಲ್ಲಿ ಕೊಳವೆ ಬಾವಿ ಕೊರೆಯುವ ಕಾಮಗಾರಿ.","Ward No.151 1st Black Jakasandra Extension of Koramangala, Tube Well Drilling Work at 1st Mine.","2.50"
"50","2013-14","50","ವಾರ್ಡ್ ನಂ.151 ಕೋರಮಂಗಲದ 1ನೇ ಬ್ಲಾಕ್ ಜಕ್ಕಸಂದ್ರ ಎಕ್ಸ್‍ಟೆನ್‍ಷನ್, 1ನೇ ಮೈನ್‍ನಲ್ಲಿ ಕೊಳವೆ ಬಾವಿಗೆ ಪಂಪ್ ಮತ್ತು ಮೋಟಾರ್ ಅಳವಡಿಸುವ ಕಾಮಗಾರಿ.","Ward No.151 1st Black Jakasandra Extension of Koramangala, Pump and Motor Installment for Tube Well at 1st Mine.","2.50"
"51","2013-14","51","ವಾರ್ಡ್ ನಂ.151 ಕೋರಮಂಗಲದ 1ನೇ ಬ್ಲಾಕ್ ಜಕ್ಕಸಂದ್ರ ಎಕ್ಸ್‍ಟೆನ್‍ಷನ್, 1ನೇ ಮೈನ್‍ನಲ್ಲಿ ಪೈಪ್ ಲೈನ್ ಮುಖಾಂತರ ನೀರು ಸರಬರಾಜು ಹಾಗೂ ವಿದ್ಯುತ್ ಸಂಪರ್ಕ ಕಲ್ಪಿಸುವ ಕಾಮಗಾರಿ.","Ward No.151 1st Block Jakasandra Extension of Koramangala, Construction of Water Supply and Electricity Through Pipe Line at 1st Mine.","1.00"
"52","2013-14","52","ವಾರ್ಡ್ ನಂ.151 ಕೋರಮಂಗಲ 1ನೇ ಬ್ಲಾಕ್ 1ನೇ ಮೈನ್, ಜಕ್ಕಸಂದ್ರ ಶ್ರೀ ಮುನೇಶ್ವರ ದೇವಸ್ಥಾನದ ಹತ್ತಿರ ಕೊಳವೆ ಬಾವಿ ಕೊರೆಯುವ ಕಾಮಗಾರಿ.","Ward No.151 Koramangala 1st Block 1st Mine, Jakkasandra Sri Muneeshwara Temple is a tube well drilling plant.","2.40"
"53","2013-14","53","ವಾರ್ಡ್ ನಂ.151 ಕೋರಮಂಗಲ 1ನೇ ಬ್ಲಾಕ್ 1ನೇ ಮೈನ್, ಜಕ್ಕಸಂದ್ರ ಶ್ರೀ ಮುನೇಶ್ವರ ದೇವಸ್ಥಾನದ ಹತ್ತಿರ ಕೊಳವೆ ಬಾವಿಗೆ ಪಂಪ್ ಮತ್ತು ಮೋಟಾರ್ ಅಳವಡಿಸುವ ಕಾಮಗಾರಿ.","Ward No.151 Koramangala 1st Block 1st Mine, Pump and Motor Installment to the Pipe Well near Jakasandra Sri Muneswara Temple.","2.40"
"54","2013-14","54","ವಾರ್ಡ್ ನಂ.151 ಕೋರಮಂಗಲ 1ನೇ ಬ್ಲಾಕ್ 1ನೇ ಮೈನ್, ಜಕ್ಕಸಂದ್ರ ಶ್ರೀ ಮುನೇಶ್ವರ ದೇವಸ್ಥಾನದ ಹತ್ತಿರ ಕೊಳವೆ ಬಾವಿ ಕೊರೆದು ನೀರಿನ ಟ್ಯಾಂಕರ್ ಅಳವಡಿಸಿ, ಪೈಪ್ ಲೈನ್ ಮುಖಾಂತರ ನೀರು ಸರಬರಾಜು ಹಾಗೂ ವಿದ್ಯುತ್ ಸಂಪರ್ಕ ಕಲ್ಪಿಸುವ ಕಾಮಗಾರಿ.","Ward No.151 Koramangala 1st Block 1st Mine, Jakkasandra Sri Muneeshwara Temple, Tube Well dug well water tanker, Water supply and power connection through Pipeline.","1.20"
"55","2013-14","55","ವಾರ್ಡ್ ನಂ.148 ಈಜಿಪುರ, ಆಶಾನಿಲಯ ಅಪಾರ್ಟ್‍ಮೆಂಟ್ ರಸ್ತೆಯಲ್ಲಿ ಕೊಳವೆ ಬಾವಿ ಕೊರೆಯುವ ಕಾಮಗಾರಿ.","Ward No 148 Ezipura, Bungalow Well Drilling Work at the Hospital Apartment Road.","2.40"
"56","2013-14","56","ವಾರ್ಡ್ ನಂ.148 ಈಜಿಪುರ, ಆಶಾನಿಲಯ ಅಪಾರ್ಟ್‍ಮೆಂಟ್ ರಸ್ತೆಯಲ್ಲಿ ಕೊಳವೆ ಬಾವಿಗೆ ಪಂಪ್ ಮತ್ತು ಮೋಟಾರ್ ಅಳವಡಿಸುವ ಕಾಮಗಾರಿ.","Ward No. 148 Pump and motor installation work for the pipeline well at the Ashipara Apartment Road.","2.40"
"57","2013-14","57","ವಾರ್ಡ್ ನಂ.148 ಈಜಿಪುರ, ಆಶಾನಿಲಯ ಅಪಾರ್ಟ್‍ಮೆಂಟ್ ರಸ್ತೆಯಲ್ಲಿ ಪೈಪ್ ಲೈನ್ ಮುಖಾಂತರ ನೀರು ಸರಬರಾಜು ಹಾಗೂ ವಿದ್ಯುತ್ ಸಂಪರ್ಕ ಕಲ್ಪಿಸುವ ಕಾಮಗಾರಿ.","Ward No. 148 Work on water supply and power connectivity through the pipeline on the road to the estate in Ezipura, Assam.","1.20"
"58","2013-14","58","ವಾರ್ಡ್ ನಂ.148- ಈಜಿಪುರ 3ನೇ ಎ ಅಡ್ಡರಸ್ತೆ, ಟೆನ್ನಿಸ್ ಕೋರ್ಟ್ ಮನೆ ಹತ್ತಿರ ಕೊಳವೆ ಬಾವಿ ಕೊರೆಯುವ ಕಾಮಗಾರಿ.","Ward No 148- Aegpur 3rd A crossroads, tunnel well drilling work near the tennis court.","2.50"
"59","2013-14","59","ವಾರ್ಡ್ ನಂ.148- ಈಜಿಪುರ 3ನೇ ಎ ಅಡ್ಡರಸ್ತೆ, ಟೆನ್ನಿಸ್ ಕೋರ್ಟ್ ಮನೆ ಹತ್ತಿg ಕೊಳವೆ ಬಾವಿಗೆ ಪಂಪ್ ಮತ್ತು ಮೋಟಾರ್ ಅಳವಡಿಸುವ ಕಾಮಗಾರಿ.","Ward No 148- Aegpur 3rd A crossroads, tennis court home pump and motor fitted to cotton g pipe well.","2.50"
"60","2013-14","60","ವಾರ್ಡ್ ನಂ.148- ಈಜಿಪುರ 3ನೇ ಎ ಅಡ್ಡರಸ್ತೆ, ಟೆನ್ನಿಸ್ ಕೋರ್ಟ್ ಮನೆ ಹತ್ತಿg ಪೈಪ್ ಲೈನ್ ಮುಖಾಂತರ ನೀರು ಸರಬರಾಜು ಹಾಗೂ ವಿದ್ಯುತ್ ಸಂಪರ್ಕ ಕಲ್ಪಿಸುವ ಕಾಮಗಾರಿ.","Ward No 148- Aegpur 3rd A crossroads, tennis court home cotton gauge line water supply and power connectivity through pipeline.","1.00"
"61","2013-14","61","ವಾರ್ಡ್ ನಂ.148- ಈಜಿಪುರ, ನಂ.1, ಸಿ ಕ್ರಾಸ್, ರಂಗಪ್ಪ ಗಾರ್ಡನ್, ಎಮರಾಲ್ಡ್ ಕ್ಲಾಸಿಕ್ ಅಪಾರ್ಟ್‍ಮೆಂಟ್ ಹತ್ತಿರ ಕೊಳವೆ ಬಾವಿ ಕೊರೆಯುವ ಕಾಮಗಾರಿ.","Ward No 148- Ezipura, No.1, C Cross, Rangappa Gordon, near the Emerald Classic Apartment.","2.40"
"62","2013-14","62","ವಾರ್ಡ್ ನಂ.148- ಈಜಿಪುರ, ನಂ.1, ಸಿ ಕ್ರಾಸ್, ರಂಗಪ್ಪ ಗಾರ್ಡನ್, ಎಮರಾಲ್ಡ್ ಕ್ಲಾಸಿಕ್ ಅಪಾರ್ಟ್‍ಮೆಂಟ್ ಹತ್ತಿರ ಕೊಳವೆ ಬಾವಿಗೆ ಪಂಪ್ ಮತ್ತು ಮೋಟಾರ್ ಅಳವಡಿಸುವ ಕಾಮಗಾರಿ.","Ward No. 148- EPIPUR, No.1, C Cross, Rangappa Gordon, Pump and Motor Installment Near the Emerald Classic Apartment.","2.40"
"63","2013-14","63","ವಾರ್ಡ್ ನಂ.148- ಈಜಿಪುರ, ನಂ.1, ಸಿ ಕ್ರಾಸ್, ರಂಗಪ್ಪ ಗಾರ್ಡನ್, ಎಮರಾಲ್ಡ್ ಕ್ಲಾಸಿಕ್ ಅಪಾರ್ಟ್‍ಮೆಂಟ್ ಹತ್ತಿರ ಪೈಪ್ ಲೈನ್ ಮುಖಾಂತರ ನೀರು ಸರಬರಾಜು ಹಾಗೂ ವಿದ್ಯುತ್ ಸಂಪರ್ಕ ಕಲ್ಪಿಸುವ ಕಾಮಗಾರಿ.","Ward No 148- Work on water supply and power connectivity through Pipeline near Ezipura, No.1, C Cross, Rangappa Garden, Emerald Classic Apartment.","1.20"
"64","2013-14","64","ವಾರ್ಡ್ ನಂ.148- ಈಜೀಪುರ 20ನೇ ಕ್ರಾಸ್, ಅಶ್ವಥಕಟ್ಟೆ ಹತ್ತಿರ ಕೊಳವೆ ಬಾವಿ ಕೊರೆಯುವ ಕಾಮಗಾರಿ.","Ward No. 148- 20th Cross of Ezhipuram, the construction of a tube well near Ashwatakatte.","2.40"
"65","2013-14","65","ವಾರ್ಡ್ ನಂ.148- ಈಜೀಪುರ 20ನೇ ಕ್ರಾಸ್, ಅಶ್ವಥಕಟ್ಟೆ ಹತ್ತಿರ ಕೊಳವೆ ಬಾವಿಗೆ ಪಂಪ್ ಮತ್ತು ಮೋಟಾರ್ ಅಳವಡಿಸುವ ಕಾಮಗಾರಿ.","Ward No.148- 20th Cross of Egypt, pump and motor installation work near the Ashwatakete to the tube well.","2.40"
"66","2013-14","66","ವಾರ್ಡ್ ನಂ.148- ಈಜೀಪುರ 20ನೇ ಕ್ರಾಸ್, ಅಶ್ವಥಕಟ್ಟೆ ಹತ್ತಿರ ಪೈಪ್ ಲೈನ್ ಮುಖಾಂತರ ನೀರು ಸರಬರಾಜು ಹಾಗೂ ವಿದ್ಯುತ್ ಸಂಪರ್ಕ ಕಲ್ಪಿಸುವ ಕಾಮಗಾರಿ.","Ward No. 148- 20th Cross of Ezhipuram, Water supply and power connection through Pipeline near Ashwatakatte.","1.20"
"67","2013-14","67","ವಾರ್ಡ್ ನಂ.148- ಈಜೀಪುರ ನಡುಗಡ್ಡೆ, 24ನೇ ಕ್ರಾಸ್, ಕೊಳವೆ ಬಾವಿ ಕೊರೆಯುವ ಕಾಮಗಾರಿ.","Ward No. 148 - Ezipur Thumb, 24th Cross, Tube Well Drilling Work.","2.50"
"68","2013-14","68","ವಾರ್ಡ್ ನಂ.148- ಈಜೀಪುರ ನಡುಗಡ್ಡೆ, 24ನೇ ಕ್ರಾಸ್, ಕೊಳವೆ ಬಾವಿಗೆ ಪಂಪ್ ಮತ್ತು ಮೋಟಾರ್ ಅಳವಡಿಸುವ ಕಾಮಗಾರಿ.","Ward No. 148- Ezipur Thumb, 24th Cross, Pump and Motor Installment to the Pipe Well.","2.50"
"69","2013-14","69","ವಾರ್ಡ್ ನಂ.148- ಈಜೀಪುರ ನಡುಗಡ್ಡೆ, 24ನೇ ಕ್ರಾಸ್, ಪೈಪ್ ಲೈನ್ ಮುಖಾಂತರ ನೀರು ಸರಬರಾಜು ಹಾಗೂ ವಿದ್ಯುತ್ ಸಂಪರ್ಕ ಕಲ್ಪಿಸುವ ಕಾಮಗಾರಿ.","Ward No 148- Ezipur Thumb, 24th Cross, Water Supply and Power Connectivity via Pipe Line.","1.00"
"70","2013-14","70","ವಾರ್ಡ್ ನಂ.148- ಈಜೀಪುರ, ಚಂದ್ರಾರೆಡ್ಡಿ ಬಡಾವಣೆ, 20ನೇ-ಎಲ್ ಕ್ರಾಸ್ ಹತ್ತಿರ ಕೊಳವೆ ಬಾವಿ ಕೊರೆಯುವ ಕಾಮಗಾರಿ.","Ward No 148- Ejipura, Chandrareddi Layout, near the 20th-L Cross is a tube well drilling work.","2.40"
"71","2013-14","71","ವಾರ್ಡ್ ನಂ.148- ಈಜೀಪುರ, ಚಂದ್ರಾರೆಡ್ಡಿ ಬಡಾವಣೆ, 20ನೇ-ಎಲ್ ಕ್ರಾಸ್ ಹತ್ತಿರ ಕೊಳವೆ ಬಾವಿಗೆ ಪಂಪ್ ಮತ್ತು ಮೋಟಾರ್ ಅಳವಡಿಸುವ ಕಾಮಗಾರಿ.","Ward No. 148- Work on pumps and motor fitted to the tubing well near the 20th-L Cross, Ejipur, Chandrareddi Layout.","2.40"
"72","2013-14","72","ವಾರ್ಡ್ ನಂ.148- ಈಜೀಪುರ, ಚಂದ್ರಾರೆಡ್ಡಿ ಬಡಾವಣೆ, 20ನೇ-ಎಲ್ ಕ್ರಾಸ್ ಹತ್ತಿರ ಪೈಪ್ ಲೈನ್ ಮುಖಾಂತರ ನೀರು ಸರಬರಾಜು ಹಾಗೂ ವಿದ್ಯುತ್ ಸಂಪರ್ಕ ಕಲ್ಪಿಸುವ ಕಾಮಗಾರಿ.","Ward No 148- Work on water supply and power connectivity through the pipeline near Ejipur, Chandrareddi Layout, 20th-L Cross.","1.20"
"73","2014-15","1","Drilling of Borewell for providing water supply facilities near Sri Muneswara Temple at Jakkasandra ward No.173, Bangalore.","Drilling of Borewell for providing water supply facilities near Sri Muneswara Temple at Jakkasandra ward No.173, Bangalore.","6.00"
"74","2014-15","2","Drilling of Borewell for providing water supply facilities  at Malaprabha block, NGV Housing complex at Ijipura ward No.148, Bangalore.","Drilling of Borewell for providing water supply facilities  at Malaprabha block, NGV Housing complex at Ijipura ward No.148, Bangalore.","6.00"
"75","2014-15","3","ವಾರ್ಡ್ ನಂ.147 ಆಡುಗೋಡಿ ಬಾಲಪ್ಪ ಬಡಾವಣೆ ಕೋರಮಂಗಲ ಇಲ್ಲಿ ಕೊಳವೆ ಬಾವಿ ಕೊರೆದು ಕೊಳವೆ ಮುಖಾಂತರ ನೀರು ಸರಬರಾಜು ಕಾಮಗಾರಿ.","Ward No.147 Audugodi Balappa Layout Koramangala is a water supply project by the tube well and the pipeline.","6.00"
"76","2014-15","4","ವಾರ್ಡ್ 151- ಕೋರಮಂಗಲ 03ನೇ ಬ್ಲಾಕ್‍ನಲ್ಲಿರುವ ಉದ್ಯಾನವನದಲ್ಲಿರುವ ಗ್ರಂಥಾಲಯ ಕಟ್ಟಡದ ಮೇಲೆ ಮೊದಲನೆ ಮಹಡಿ ವಿವಿದೊದ್ದೇಶ ಸಭಾಂಗಣ ನಿರ್ಮಾಣದ ಕಾಮಗಾರಿ.","Ward 151 - The first floor of the library building in the garden at Koramangala 03rd Block is the construction of a detailed auditorium.","15.00"
"77","2014-15","5","ವಾರ್ಡ್ ನಂ.148, ಈಜೀಪುರ ಎನ್.ಜಿ.ವಿ ಯ ಗೋದಾವರಿ ಬ್ಲಾಕ್ ನಲ್ಲಿ ಮಕ್ಕಳ ಆಟದ ಮೈದಾನ ಹಾಗೂ ಅಭಿವೃದ್ಧಿ ಕಾಮಗಾರಿಗಳು.","Ward No. 148, Children's Playground and Development Works at Godavari Block, NGV, Ejipur.","5.00"
"78","2014-15","6","ವಾರ್ಡ್ 147, ಆಡುಗೋಡಿಯ ಪೋಲೀಸ್ ವಸತಿ ಗೃಹಗಳ ಸಿ.ಎ.ಆರ್ (ದಕ್ಷಿಣ) ನಂದಿನಿ ಬ್ಲಾಕ್-7ರಲ್ಲಿ ಒಳಚರಂಡಿಯ ದೊಡ್ಡ ವ್ಯಾಸದ ಕೊಳವೆಗಳನ್ನು ಅಳವಡಿಸುವ ಕಾಮಗಾರಿ.","Ward 147, a large diameter pipe for drainage in Nandini Block -7 of CRA (South) of the Police Residences of Adugodi.","3.78"
"79","2014-15","7","ವಾರ್ಡ್ 147, ಆಡುಗೋಡಿಯ ಪೋಲೀಸ್ ವಸತಿ ಗೃಹಗಳ ಸಿ.ಎ.ಆರ್ (ದಕ್ಷಿಣ) ನಂದಿನಿ ಬ್ಲಾಕ್-8ರಲ್ಲಿ ಒಳಚರಂಡಿಯ ದೊಡ್ಡ ವ್ಯಾಸದ ಕೊಳವೆಗಳನ್ನು ಅಳವಡಿಸುವ ಕಾಮಗಾರಿ.","Ward 147, CAD (South) of Police Housing Houses in Adugodi, Nandini Block-8, is a major installation of large diameter tubes.","3.78"
"80","2014-15","8","ವಾರ್ಡ್ 147, ಆಡುಗೋಡಿಯ ಪೋಲೀಸ್ ವಸತಿ ಗೃಹಗಳ ಸಿ.ಎ.ಆರ್ (ದಕ್ಷಿಣ) ನಂದಿನಿ ಬ್ಲಾಕ್-9ರಲ್ಲಿ ಒಳಚರಂಡಿಯ ದೊಡ್ಡ ವ್ಯಾಸದ ಕೊಳವೆಗಳನ್ನು ಅಳವಡಿಸುವ ಕಾಮಗಾರಿ.","Ward 147, a large diameter pipe for drainage in Nandini Block-9 of CRA (South) of Police Residential Houses in Adugodi.","3.78"
"81","2014-15","9","ವಾರ್ಡ್ 147, ಆಡುಗೋಡಿಯ ಪೋಲೀಸ್ ವಸತಿ ಗೃಹಗಳ ಸಿ.ಎ.ಆರ್ (ದಕ್ಷಿಣ) ನಂದಿನಿ ಬ್ಲಾಕ್-10ರಲ್ಲಿ ಒಳಚರಂಡಿಯ ದೊಡ್ಡ ವ್ಯಾಸದ ಕೊಳವೆಗಳನ್ನು ಅಳವಡಿಸುವ ಕಾಮಗಾರಿ.","Ward 147, a large diameter pipe for drainage in Nandini Block-10 of CRA (South) of the Police Residences of Adugodi.","0.59"
"82","2014-15","10","ವಾರ್ಡ್ 147, ಆಡುಗೋಡಿಯ ಪೋಲೀಸ್ ವಸತಿ ಗೃಹಗಳ ಸಿ.ಎ.ಆರ್ (ದಕ್ಷಿಣ) ದ ಮೈನ್‍ಲೈನ್ ಕಾಮಗಾರಿ.","Ward 147, Mainline Works of CRA (South) of Police Residential Houses in Adugodi.","5.63"
"83","2014-15","11","ವಾರ್ಡ್ ನಂ.148- ಈಜಿಪುರ ಮಂಜುನಾಥ್ ಲೇ ಔಟ್, 21ನೇ ಅಡ್ಡರಸ್ತೆ ಇಲ್ಲಿ ಕೊಳವೆ ಬಾವಿ ಕೊರೆಯುವ ಕಾಮಗಾರಿ.","Ward No 148- Ezhipuram Manjunath Lay Out, 21st Crossroads is a tube well drilling work here.","2.50"
"84","2014-15","12","ವಾರ್ಡ್ ನಂ.148- ಈಜಿಪುರ ಮಂಜುನಾಥ್ ಲೇ ಔಟ್, 21ನೇ ಅಡ್ಡರಸ್ತೆ ಇಲ್ಲಿ ಕೊಳವೆ ಬಾವಿಗೆ ಪಂಪು ಮೋಟಾರ್ ಅಳವಡಿಸುವ ಕಾಮಗಾರಿ.","Ward No 148- Ezipura Manjunath Lay Out, 21st Crossway Pump Motor Works to Pipe Wells.","2.50"
"85","2014-15","13","ವಾರ್ಡ್ ನಂ.148- ಈಜಿಪುರ ಮಂಜುನಾಥ್ ಲೇ ಔಟ್, 21ನೇ ಅಡ್ಡರಸ್ತೆ ಇಲ್ಲಿ ಕೊಳವೆ ಬಾವಿಗೆ ಪೈಪ್‍ಲೈನ್ ಮತ್ತು ಸಿಸ್ಟಮ್ ಅಳವಡಿಸುವ ಕಾಮಗಾರಿ.","Ward No 148- Ezhipuram Manjunath Lay Out, 21st Crossway The pipeline and system installation work for the pipe well here.","2.00"
"86","2014-15","14","ವಾರ್ಡ್ ನಂ.151, ಕೋರಮಂಗಲ, 3ನೇ ಬ್ಲಾಕ್‍ನಲ್ಲಿರುವ ಉದ್ಯಾನವನದಲ್ಲಿನ ಗ್ರಂಥಾಲಯ ಕಟ್ಟಡದ ಮೇಲೆ ಮೊದಲನೇ ಮಹಡಿಯ ವಿವಿದೋದ್ದೇಶದ ಸಭಾಂಗಣ ನಿರ್ಮಾಣ ಹೆಚ್ಚುವರಿ ಕಾಮಗಾರಿ.","Construction work on the first floor of the library is located on the library building at Ward No.151, Koramangala, 3rd Block.","2.00"
"87","2014-15","15","ವಾರ್ಡ್ ನಂ.151 ಕೋರಮಂಗಲ, ಕೋರಮಂಗಲ 3ನೇ ಬ್ಲಾಕ್‍ನಲ್ಲಿರುವ ಉದ್ಯಾನವನದಲ್ಲಿನ ಅಭಿವೃದ್ಧಿ ಕಾಮಗಾರಿ.","Ward No.151 Development Work in the Garden at 3rd Block, Koramangala, Koramangala.","4.30"
"88","2014-15","16","Drilling of Bore well at 12th cross, near Anjanappa compound Jakkasandra, Koramangala, Ward.No.173, Bangalore.","Drilling of Bore well at 12th cross, near Anjanappa compound Jakkasandra, Koramangala, Ward.No.173, Bangalore.","2.40"
"89","2014-15","17","Providing pump & motor to borewell 12th cross, near Anjanappa compound Venkatapura, Jakkasandra, Koramangala, Ward No.173, Bangalore.","Providing pump & motor to borewell 12th cross, near Anjanappa compound Venkatapura, Jakkasandra, Koramangala, Ward No.173, Bangalore.","2.40"
"90","2014-15","18","Providing & laying of pipeline and Electrification Facilities at 12th cross, near Anjanappa compound Venkatapura, Jakkasandra, Koramangala, Ward No.173, Bangalore.","Providing & laying of pipeline and Electrification Facilities at 12th cross, near Anjanappa compound Venkatapura, Jakkasandra, Koramangala, Ward No.173, Bangalore.","1.20"
"91","2014-15","19","Drilling of Borewell at near Good Day School at Balajinagar, S.G.Palya, Ward No.152, Bangalore.","Drilling of Borewell at near Good Day School at Balajinagar, S.G.Palya, Ward No.152, Bangalore.","2.40"
"92","2014-15","20","Providing pump & motor to borewell at near Good Day School at Balajinagar, S.G.Palya, Ward No.152, Bangalore.","Providing pump & motor to borewell at near Good Day School at Balajinagar, S.G.Palya, Ward No.152, Bangalore.","2.40"
"93","2014-15","21","Providing & laying of pipeline and Electrification Facilities at near Good Day School at Balajinagar, S.G.Palya, Ward No.152, Bangalore.","Providing & laying of pipeline and Electrification Facilities at near Good Day School at Balajinagar, S.G.Palya, Ward No.152, Bangalore.","1.20"
"94","2014-15","22","Drilling of borewell at Channamma Badavane, Maruthi Badavane, S.G.Palya, Ward No.152, Bangalore.","Drilling of borewell at Channamma Badavane, Maruthi Badavane, S.G.Palya, Ward No.152, Bangalore.","2.50"
"95","2014-15","23","Providing pump & Motor to borewell at Channamma Badavane, Maruthi Badavane, S.G.Palya, Ward No.152, Bangalore.","Providing pump & Motor to borewell at Channamma Badavane, Maruthi Badavane, S.G.Palya, Ward No.152, Bangalore.","2.50"
"96","2014-15","24","Providing &Laying of pipeline and Electrification facilities at Channamma Badavane, Maruthi Badavane, S.G.Palya, Ward No.152, Bangalore.","Providing &Laying of pipeline and Electrification facilities at Channamma Badavane, Maruthi Badavane, S.G.Palya, Ward No.152, Bangalore.","1.00"
"97","2014-15","25","Drilling of borewell near N.G.View, Tungabhadra Block, Ejipura Ward No.148, Bangalore.","Drilling of borewell near N.G.View, Tungabhadra Block, Ejipura Ward No.148, Bangalore.","2.40"
"98","2014-15","26","Providing pump & motor near N.G.View, Tungabhadra Block, Ejipura Ward No.148, Bangalore.","Providing pump & motor near N.G.View, Tungabhadra Block, Ejipura Ward No.148, Bangalore.","2.40"
"99","2014-15","27","Providing & Laying of pipeline and Electrification Facilities near N.G.View, Tungabhadra Block, Ejipura Ward No.148, Bangalore.","Providing & Laying of pipeline and Electrification Facilities near N.G.View, Tungabhadra Block, Ejipura Ward No.148, Bangalore.","1.20"
"100","2014-15","28","Drilling of borewell near 12th cross, Venkatapura, Ward No.173,Bangalore.","Drilling of borewell near 12th cross, Venkatapura, Ward No.173,Bangalore.","2.50"
"101","2014-15","29","Providing pump & Motor near 12th cross, Venkatapura, Ward No.173,Bangalore.","Providing pump & Motor near 12th cross, Venkatapura, Ward No.173,Bangalore.","2.50"
"102","2014-15","30","Providing & Laying of pipeline and Electrification Facilities  near 12th cross, Venkatapura, Ward No.173,Bangalore.","Providing & Laying of pipeline and Electrification Facilities  near 12th cross, Venkatapura, Ward No.173,Bangalore.","1.00"
"103","2014-15","31","ವಾರ್ಡ್ ನಂ.148, ಈಜೀಪುರ ಶ್ರೀ ಗಣೇಶ ದೇವಸ್ಥಾನದ ಹತ್ತಿರ ಕೊಳವೆ ಬಾವಿ ಕೊರೆಯುವ ಕಾಮಗಾರಿ.","Ward No 148, Erope is a tube well drilling plant near the Sri Ganesh temple.","2.40"
"104","2014-15","32","ವಾರ್ಡ್ ನಂ.148, ಈಜೀಪುರ ಶ್ರೀ ಗಣೇಶ ದೇವಸ್ಥಾನದ ಹತ್ತಿರ ಕೊಳವೆ ಬಾವಿಗೆ ಪಂಪ್ ಮತ್ತು ಮೋಟಾರ್ ಅಳವಡಿಸುವ ಕಾಮಗಾರಿ.","Ward No. 148, Pump and Motor Installment to the Tube Well Near Erijur Sri Ganesh Temple.","2.40"
"105","2014-15","33","ವಾರ್ಡ್ ನಂ.148, ಈಜೀಪುರ ಶ್ರೀ ಗಣೇಶ ದೇವಸ್ಥಾನದ ಹತ್ತಿರ ಪೈಪ್‍ಲೈನ್ ಮುಖಾಂತರ ನೀರು ಸರಬರಾಜು ಹಾಗೂ ವಿದ್ಯುತ್ ಸಂಪರ್ಕ ಕಲ್ಪಿಸುವ ಕಾಮಗಾರಿ.","Ward No. 148, Water Supply and Power Connection to Pipeline Near Erijpur Sri Ganesh Temple.","1.20"
"106","2014-15","34","ವಾರ್ಡ್ ನಂ.148, ಈಜೀಪುರದ 9ಬೇ ಎ ಕ್ರಾಸ್, ಆರ್.ಎ ರಸ್ತೆಯ ಹತ್ತಿರ ಕೋರಮಂಗಲ ಗ್ರಾಮದಲ್ಲಿ ಕೊಳವೆ ಬಾವಿ ಕೊರೆಯುವ ಕಾಮಗಾರಿ.","Ward No 148, 9 bay a cross in Ezhipuram, a borewelling work at Koramangala village near RA Road.","2.50"
"107","2014-15","35","ವಾರ್ಡ್ ನಂ.148, ಈಜೀಪುರದ 9ಬೇ ಎ ಕ್ರಾಸ್, ಆರ್.ಎ ರಸ್ತೆಯ ಹತ್ತಿರ ಕೋರಮಂಗಲ ಗ್ರಾಮದಲ್ಲಿ ಕೊಳವೆ ಬಾವಿಗೆ ಪಂಪ್ ಮತ್ತು ಮೋಟಾರ್ ಅಳವಡಿಸುವ ಕಾಮಗಾರಿ.","Ward No. 148, Pump and Motor Installment to the Pipe Well in Koramangala Village near 9 Bay A Cross, RA Road, Ejipura.","2.50"
"108","2014-15","36","ವಾರ್ಡ್ ನಂ.148, ಈಜೀಪುರದ 9ಬೇ ಎ ಕ್ರಾಸ್, ಆರ್.ಎ ರಸ್ತೆಯ ಹತ್ತಿರ ಪೈಪ್‍ಲೈನ್ ಮುಖಾಂತರ ನೀರು ಸರಬರಾಜು ಹಾಗೂ ವಿದ್ಯುತ್ ಸಂಪರ್ಕ ಕಲ್ಪಿಸುವ ಕಾಮಗಾರಿ.","Ward No. 148, 9 Bay A Cross of Ezipur, the construction of water supply and power connectivity through the pipeline near RA Road.","1.00"
"109","2014-15","37","ಕು|| ನಳನಿ ಬಿನ್ ನಾರಾಯಣ, ನಂ.82, 3ನೆನೇ ಮುಖ್ಯರಸ್ತೆ, 03ನೇ ಕ್ರಾಸ್, ಬಿ.ಚಂದ್ರಪ್ಪನಗರ, ಆಡುಗೋಡಿ, ಬೆಂ. ಇವರಿಗೆ ತ್ರಿಚಕ್ರ ಮಾಹನ ಖರೀದಿಗಾಗಿ.","Ku Nalini bin Narayana, No.82, 3rd Main Road, 03rd Cross, B Chandrappanagar, Adugodi, Bell. For the purchase of three-wheeler.","0.80"
"110","2014-15","38","ಹರಿಪ್ರಸಾದ್, ಬಿನ್ ಮಾರಪ್ಪ, ನಂ.20, 02ನೇ ಅಡ್ಡರಸ್ತೆ, 01ನೇ ಮುಖ್ಯರಸ್ತೆ, ಬಿ.ಚಂದ್ರಪ್ಪನಗರ, ಬೆಂ. ಇವರಿಗೆ ತ್ರಿಚಕ್ರ ವಾಹನ ಖರೀದಿಗಾಗಿ.","Hariprasad, Bin Marappa, No.20, 02nd Cross, 01th Main Road, B Chandrappanagar, b. For a three-wheel drive vehicle.","0.80"
"111","2014-15","39","ಶೇಕ್ ಆಸೀಫ್ ಉಲ್ಲಾ, ನಂ.16, 04ನೇ ಮುಖ್ಯರಸ್ತೆ, ಚಿನ್ನಯ್ಯನಪಾಳ್ಯ, ಮೈಕೋ ಗೇಟ್, ಆಡುಗೋಡಿ ಪೋಸ್ಟ್, ಬೆಂ. ಇವರಿಗೆ ತ್ರಿಚಕ್ರ ವಾಹನ ಖರೀದಿಗಾಗಿ.","Shake Asif Ulla, No.16, 04th Main Road, Chinnayyanapalya, Mykote Gate, Adugodi Post, Bell. For a three-wheel drive vehicle.","0.80"
"112","2014-15","40","ಸಂಜೀವ್ ಬಿನ್ ದಿ|| ನರಸಿಂಹ, ನಂ.14, 04ನೇ ಮುಖ್ಯರಸ್ತೆ, ಚಂದ್ರಪ್ಪನಗರ, ಬೆಂ. ಇವರಿಗೆ ತ್ರಿಚಕ್ರ ವಾಹನ ಖರೀದಿಗಾಗಿ.","Sanjeev Bin The || Narasimha, No. 14, 04th Main Road, Chandrappanagar, b. For a three-wheel drive vehicle.","0.80"
"113","2014-15","41","ಎಸ್.ವರಲಕ್ಷ್ಮಿ ಕೋಂ ಮಾರಪ್ಪ, ನಂ.139, ಬಿ.ಚಂದ್ರಪ್ಪನಗರ, ಆಡುಗೋಡಿ, ಬೆಂ. ಇವರಿಗೆ ತ್ರಿಚಕ್ರ ವಾಹನ ಖರೀದಿಗಾಗಿ.","S.Valakshmi Kom Marappa, No. 139, B. Chandappanagar, Adugodi, Bell. For a three-wheel drive vehicle.","0.80"
"114","2014-15","42","ಮಹಮ್ಮದ್ ಅತಾವುಲ್ಲಾ, ನಂ.09, 03ನೇ ಮುಖ್ಯರಸ್ತೆ, 15ನೇ ಕ್ರಾಸ್, ಚಿನ್ನಯ್ಯನಪಾಳ್ಯ, ಬೆಂ. ಇವರಿಗೆ ತ್ರಿಚಕ್ರ ವಾಹನ ಖರೀದಿಗಾಗಿ.","Mohammed Ataullah, No.09, 03nd Main Road, 15th Cross, Chinnayyanapalya, b. For a three-wheel drive vehicle.","0.80"
"115","2014-15","43","ವÉೂಸಿನ್ ಶರೀಫ್, ನಂ.131/ಎ, 14ನೇ ಮುಖ್ಯರಸ್ತೆ, 21ನೇ ಅಡ್ಡರಸ್ತೆ, ಬಿ.ಟಿ.ಎಂ ಬಡಾವಣೆ, 02ನೇ ಹಂತ, ಬೆಂ. ಇವರಿಗೆ ತ್ರಿಚಕ್ರ ವಾಹನ ಖರೀದಿಗಾಗಿ.","V. Eusin Sheriff, No. 131 / A, 14th Main Road, 21st Crossroads, BTM Layout, 02st Stage, Bem. For a three-wheel drive vehicle.","0.80"
"116","2014-15","44","ವÉೂಹ್ಮದ್ ನಯಾಮತ್ತುಲ್ಲಾ ಬಿನ್ ಅಬ್ದುಲ ರೆಹಮಾನ್, ನಂ.07, 07ನೇ ಅಡ್ಡರಸ್ತೆ, ಎಸ್.ಆರ್.ನಗರ, ಬೆಂ. ಇವರಿಗೆ ತ್ರಿಚಕ್ರ ವಾಹನ ಖರೀದಿಗಾಗಿ.","W. Ehmood is a bin Abdullah Rehman, No. 07, 07th Cross, SR Nagar, b. For a three-wheel drive vehicle.","0.80"
"117","2014-15","45","ಸÉೈಯದ್ ಇಬಾದತ್ ಉಲ್ಲಾ ಬಿನ್ ಸೈಯದ್ ಸನಾ ಉಲ್ಲಾ, ನಂ.116, ಮಹಾಲಿಂಗೇಶ್ವರ ಬಡವಣೆ, ಹೊಸೂರು ರಸ್ತೆ, ಕಾಡುಗೋಡಿ, ಬೆಂ.60 ಇವರಿಗೆ ವಾಹನ ಖರೀದಿಗಾಗಿ.","For the purchase of vehicle for Sa'ed Ibadat Ullah bin Saeed Sana Ulla, No.116, Mahalingeshwara Paddy, Hosur Road, Kadugodi, BM 60.","0.80"
"118","2014-15","46","ಮÀಸೂರ್ ಖಾನ್ ಬಿನ್À ಹುಸ್ಮಾನ್ ಖಾನ್, ನಂ.323, ಮಹಾಲಿಂಗೇಶ್ವರ ಬಡಾವಣೆ, ಕಾಡುಗೋಡಿ, ಬೆಂ. ಇವರಿಗೆ ತ್ರಿಚಕ್ರ ವಾಹನ ಖರೀದಿಗಾಗಿ.","Ma'sur Khan bin Husman Khan, No.323, Mahalingeswara Layout, Kadugodi, b. For a three-wheel drive vehicle.","0.80"
"119","2014-15","47","ಫೈರೋಜ್ ಬಿನ್ ಅಬ್ದುಲ್ ಕಲೀಲ್, ನಂ.148, ಮಹಾಲಿಂಗೇಶ್ವರ ಬಡಾವಣೆ, ಆಡುಗೋಡಿ, ಬೆಂ. ಇವರಿಗೆ ತ್ರಿಚಕ್ರ ವಾಹನ ಖರೀದಿಗಾಗಿ.","Feroze bin Abdul Kaleel, No. 148, Mahalingeswara Layout, Audugodi, Bem. For a three-wheel drive vehicle.","0.80"
"120","2014-15","48","ರಮೇಶ್ ಶೆಟ್ಟಿ ಬಿನ್ ಲೇ|| ಅಂತಯ್ಯ ಶೆಟ್ಟಿ,ನಂ.51, 17ನೇ ಕ್ರಾಸ್, 3ನೇ ಮುಖ್ಯರಸ್ತೆ, ಲಕ್ಕಸಂದ್ರ, ಬೆಂಗಳೂರು ಇವರಿಗೆ ತ್ರಿಚಕ್ರ ವಾಹನ ಖರೀದಿಗಾಗಿ.","Ramesh Shetty Bin Ley || Anayaya Shetty, No.51, 17th Cross, 3rd Main Road, Lakasandra, Bangalore for Triplicate Vehicle Purchase.","0.83"
"121","2014-15","49","ರÁಜ್ಯ ಸರ್ಕಾರಿ ನೌಕರರ ಕ್ರೀಡಾ ಕೋಟ ಕಾರ್ಯಕ್ರಮದಲ್ಲಿ ಭಾಗವಹಿಸುವ ಕ್ರೀಡಾಪಟುಗಳಿಗೆ ಟ್ರ್ಯಾಕ್‍ಸೂಟ್ಸ್ ವಿತರಿಸಲು.","To distribute tracks to athletes participating in the National Fortress Sports Coaster Program.","5.00"
"122","2014-15","50","ವಾರ್ಡ್ ನಂ.151, ಕೋರಮಂಗಲ, ಕೋರಮಂಗಲ ಎನ್.ಜಿ.ವಿ ಗ್ರಾಮದ ಕೃಷ್ಣ ಮತ್ತು ಶರಾವತಿ ಬ್ಲಾಕ್ ಉದ್ಯಾನವನ ಅಭಿವೃದ್ಧಿ ಪಡಿಸುವ ಕಾಮಗಾರಿ.","Ward No.151, Krishna and Sharavathi Block Garden at Koramangala, NGV Village, Koramangala.","3.00"
"123","2014-15","51","Detailed estimate for providing M.S.Grill staircase and granite stones to stairs at ground floor library building in Koramangala park, 3rd block, post office road, W.No.151, Bangalore.","Detailed estimate for providing M.S.Grill staircase and granite stones to stairs at ground floor library building in Koramangala park, 3rd block, post office road, W.No.151, Bangalore.","2.50"
"124","2014-15","52","Detailed estimate for providing M.S.Grill staircase and granite stones to stairs at ground floor library building in Koramangala park, 3rd block, post office road, W.No.151, Bangalore.","Detailed estimate for providing M.S.Grill staircase and granite stones to stairs at ground floor library building in Koramangala park, 3rd block, post office road, W.No.151, Bangalore.","1.50"
"125","2014-15","53","ವಾರ್ಡ್ ನಂ.151, ಕೋರಮಂಗಲ, ಕೋರಮಂಗಲ 4ನೇ ಬ್ಲಾಕ್‍ನಲ್ಲಿರುವ ಸ್ವಾಭಿಮಾನ ಉದ್ಯಾನವನದಲ್ಲಿರುವ ಗ್ರಂಥಾಲಯ ಕಟ್ಟಡದ ಮೇಲೆ ವಿವಿದೋದ್ದೇಶದ ಸಭಾಂಗಣಕ್ಕಾಗಿ ಮೊದಲನೆ ಮಹಡಿಯ ನಿರ್ಮಾಣದ ಕಾಮಗಾರಿ.","Ward No.151, First Floor construction work for a detailed auditorium on the Library Building in Swabhiman Park, 4th Block, Koramangala.","10.00"
"126","2014-15","54","ಫರೀದ್ ಅಹಮದ್,ಸಂ.97, 02ನೇ ಕ್ರಾಸ್,ಎಸ್.ಜಿ.ಪಾಳ್ಯ, ಬಿ.ಮಡಿವಾಳ, ಬೆಂ ಇವರಿಗೆ ತ್ರಿಚಕ್ರ ವಾಹನ ಖರೀದಿಗಾಗಿ.","Fareed Ahmed, No.97, 02th Cross, SG Palya, B. Madivala, Bemu for a three-wheel drive vehicle.","0.80"
"127","2014-15","55","ಡಿ.ರವಿಚಂದ್ರ, ನಂ.127, 1ನೇ ಮುಖ್ಯರಸ್ತೆ, ತಾವರೇಕೆರೆ, ಬೆಂ ಇವರಿಗೆ ತ್ರಿಚಕ್ರ ವಾಹನ ಖರೀದಿಗಾಗಿ.","D. Ravichandra, No.127, 1st Main Road, Tavarekere, to Bem for a three-wheel drive vehicle.","0.80"
"128","2014-15","56","ಸೈಯದ್ ಕಲೀಮ್, ನಂ.75, ಎಲ್‍ಆರ್.ನಗರ, ಕೋರಮಂಗಲ ರಸ್ತೆ, ಬೆಂ ಇವರಿಗೆ ತ್ರಿಚಕ್ರ ವಾಹನ ಖರೀದಿಗಾಗಿ.","Syed Kaleem, No.75, LR Nagar, Koramangala Road, Bem for a three-wheel drive vehicle.","0.80"
"129","2014-15","57","ಸೈಯದ್ ಮುಸ್ತಖ್ ಬಿನ್ ಸೈಯದ್ ಹಫೀಜ್, ನಂ.29, ಈರಮ್ಮ ಬಡಾವಣೆ, ಆಡುಗೋಡಿ, ಬೆಂ ಇವರಿಗೆ ತ್ರಿಚಕ್ರ ವಾಹನ ಖರೀದಿಗಾಗಿ.","Syed Mustakh Bin Syed Hafeez, No. 29, for Errama Layout, Adugodi, Bem for a three-wheeler vehicle purchase.","0.80"
"130","2014-15","58","ಶ್ರೀನಿವಾಸ.ಎ.ಬಿ,ನಂ.80, 1ನೇ ಕ್ರಾಸ್, ಜಯರಾಮರೆಡ್ಡಿ ಬಿಲ್ಡಿಂಗ್, ಮಡಿವಾಳ, ಬೆಂ. ಇವರಿಗೆ ತ್ರಿಚಕ್ರ ವಾಹನ ಖರೀದಿಗಾಗಿ.","Srinivas.B, No.80, 1st Cross, Jayarama Reddy Building, Madivala, Bell. For a three-wheel drive vehicle.","0.80"
"131","2014-15","59","ಜಯರಾಮ್.ವಿ ನಂ.21, ಸುಬ್ಬಾರಾಜ್ ಬಡಾವಣೆ, ಲಕ್ಕಸಂದ್ರ, ಬೆಂ. ಇವರಿಗೆ ತ್ರಿಚಕ್ರ ವಾಹನ ಖರೀದಿಗಾಗಿ.","Jayaram, V. No. 21, Subbaraj Layout, Lakshasandra, b. For a three-wheel drive vehicle.","0.71"
"132","2014-15","60","ಬಾಲಕೃಷ್ಣ.ವೈ ಬಿನ್ ಯಂಗಯ್ಯ, ನಂ.766, 7ನೇ ಮುಖ್ಯರಸ್ತೆ, 8ನೇ ಕ್ರಾಸ್, ರಾಜೇಂದ್ರನಗರ, ಕೋರಮಂಗಲ 12ನೇ ಹಂತ, ವಿವೇಕನಗರ, ಬೆಂ. ಇವರಿಗೆ ತ್ರಿಚಕ್ರ ವಾಹನ ಖರೀದಿಗಾಗಿ.","Balakrishna Yai Bin Yangaya, No.766, 7th Main Road, 8th Cross, Rajendranagar, Koramangala 12th Stage, Vivekanagar, Bem. For a three-wheel drive vehicle.","0.61"
"133","2014-15","61","ವಾರ್ಡ್ ನಂ.151-ಕೋರಮಂಗಲ, ಕೋರಮಂಗಲ 3ನೇ ಬ್ಲಾಕ್‍ನುದ್ಯಾನವನದಲ್ಲಿ ಫ್ರಾಬ್ರಿಕೇಷನ್ ವಕ್ರ್ಸ್.","Ward No.151-Coromangla, Fabrication Wakrs at Coromangla 3rd Block.","1.75"
"134","2014-15","62","ಕÉ.ಸಲೀಮ್, ನಂ.371, ಆರ್.ಹೆಚ್.ಕಾಲೋನಿ, ಮಹಾಲಿಂಗೇಶ್ವರ ಬಡಾವಣೆ, ಬೆಂಗಳೂರು ಇವರಿಗೆ ತ್ರಿಚಕ್ರ ವಾಹನ ಖರೀದಿಗಾಗಿ.","KE Salim, No.371, RH Colony, Mahalingeshwara Layout, Bangalore for a three-wheeler vehicle purchase.","0.76"
"135","2014-15","63","ವೆಂಕಟೇಶ್, ನಂ.15, 3ನೇ ಮೆನ್, ಎನ್.ಎಸ್.ಪಾಳ್ಯ, ಬಿಟಿಎಂ 2ನೇ ಹಂತ, ಬೆಂ. ಇವರಿಗೆ ತ್ರಿಚಕ್ರ ವಾಹನ ಖರೀದಿಗಾಗಿ.","Venkatesh, No. 15, 3rd Men, NS Palya, BTM 2nd Level, Bell. For a three-wheel drive vehicle.","0.73"
"136","2014-15","64","ಹÉಚ್.ಎಸ್.ಆರ್ 5ನೇ ಸೆಕ್ಟರ್‍ನ ಉದ್ಯಾನವನದ ಹತ್ತಿರ ಕೊಳವೆ ಬಾವಿ ಕೊರೆಯುವ ಕಾಮಗಾರಿ.","HOUSE CSR is a tube well drilling plant near the 5th sector park.","2.40"
"137","2014-15","65","ಹÉಚ್.ಎಸ್.ಆರ್ 5ನೇ ಸೆಕ್ಟರ್‍ನ ಉದ್ಯಾನವನದ ಹತ್ತಿರ ಕೊಳವೆ ಬಾವಿಗೆ ಪಂಪ್ ಮತ್ತು ಮೋಟಾರ್ ಅಳವಡಿಸುವ ಕಾಮಗಾರಿ.","The pump and motor installation work to the tube well near the 5th sector park of HSE CSR.","2.40"
"138","2014-15","66","ಹÉಚ್.ಎಸ್.ಆರ್ 5ನೇ ಸೆಕ್ಟರ್‍ನ ಉದ್ಯಾನವನದ ಹತ್ತಿರ ಕೊಳವೆ ಬಾವಿಗೆ ಪÉೈಪ್‍ಲೈನ್ ಮುಖಾಂತರ ನೀರು ಸರಬರಾಜು ಹಾಗೂ ವಿದ್ಯುತ್ ಸಂಪರ್ಕ ಕಲ್ಪಿಸುವ ಕಾಮಗಾರಿ.","Construction of water supply and power through the pipeline to the tube well near the 5th sector park of HSE CSR.","1.20"
"139","2014-15","67","ವಾರ್ಡ್ ನಂ.151-ಕೋರಮಂಗಲ ಗ್ರಾಮದ ಶ್ರೀ ಲಕ್ಷ್ಮಿ ದೇವಸ್ಥಾನದ ಹತ್ತಿರ ಕೊಳವೆ ಬಾವಿ ಕೊರೆಯುವ ಕಾಮಗಾರಿ.","Ward No 151-Corridor construction work near the Sri Lakshmi temple at Koramangala village.","2.40"
"140","2014-15","68","ವಾರ್ಡ್ ನಂ.151-ಕೋರಮಂಗಲ ಗ್ರಾಮದ ಶ್ರೀ ಲಕ್ಷ್ಮಿ ದೇವಸ್ಥಾನದ ಹತ್ತಿರ ಕೊಳವೆ ಬಾವಿಗೆ ಮೋಟಾರ್ ಅಳವಡಿಸುವ ಕಾಮಗಾರಿ.","Warden No.151-Motorsport to the tube well near Sri Lakshmi Temple at Koramangala village.","2.40"
"141","2014-15","69","ವಾರ್ಡ್ ನಂ.151-ಕೋರಮಂಗಲ ಗ್ರಾಮದ ಶ್ರೀ ಲಕ್ಷ್ಮಿ ದೇವಸ್ಥಾನದ ಹತ್ತಿರ ಪೈಪ್‍ಲೈನ್ ಮುಖಾಂತರ ನೀಡು ಸರಬರಾಜು ಹಾಗೂ ವಿದ್ಯುತ್ ಸಂಪರ್ಕ ಕಲ್ಪಿಸುವ ಕಾಮಗಾರಿ.","Work supply and power connectivity through the pipeline near Sri Lakshmi Temple of Ward No.151-Koramangala village.","1.20"
"142","2014-15","70","ವಾ.ನಂ.148-ಈಜೀಪುರ, 20ನೇ ಎ ಕ್ರಾಸ್ ಅಥವಾ ಬಿ ಕ್ರಾಸ್ ಹತ್ತಿರ ಕೊಳವೆ ಬಾವಿ ಕೊರೆಯುವ ಕಾಮಗಾರಿ.","W. N.148-Ezipura, 20th A Cross or B-Cross Borewelling Work.","2.40"
"143","2014-15","71","ವಾ.ನಂ.148-ಈಜೀಪುರ, 20ನೇ ಎ ಕ್ರಾಸ್ ಅಥವಾ ಬಿ ಕ್ರಾಸ್ ಹತ್ತಿರ ಕೊಳವೆ ಬಾವಿಗೆ ಪಂಪ್ ಮತ್ತು ಮೋಟಾರ್ ಅಳವಡಿಸುವ ಕಾಮಗಾರಿ.","WM 148-Ezipur, 20th A Cross or B-Cross is a pump and motor installation plant for the well.","2.40"
"144","2014-15","72","ವಾ.ನಂ.148-ಈಜೀಪುರ, 20ನೇ ಎ ಕ್ರಾಸ್ ಅಥವಾ ಬಿ ಕ್ರಾಸ್ ಹತ್ತಿರ ಪೈಪ್‍ಲೈನ್ ಮುಖಾಂತರ ನೀಡು ಸರಬರಾಜು ಹಾಗೂ ವಿದ್ಯುತ್ ಸಂಪರ್ಕ ಕಲ್ಪಿಸುವ ಕಾಮಗಾರಿ.","WM 148-Ezipur, 20th A Cross or B Cross near the Pipeline to supply supplies and power supplies.","1.20"
"145","2014-15","73","ವಾ.ನಂ.148-ಈಜೀಪುರ, ಜೆ.ಜೆ ಚರ್ಚ್ ಹತ್ತಿರ ಕೊಳವೆ ಬಾವಿ ಕೊರೆಯುವ ಕಾಮಗಾರಿ.","W. N.148-Ezipura, a jute well-drilling work near JJ Church.","2.40"
"146","2014-15","74","ವಾ.ನಂ.148-ಈಜೀಪುರ, ಜೆ.ಜೆ ಚರ್ಚ್ ಹತ್ತಿರ ಕೊಳವೆ ಬಾವಿಗೆ  ಪಂಪ್ ಮತ್ತು ಮೋಟಾರ್ ಅಳವಡಿಸುವ ಕಾಮಗಾರಿ.","W.M.148-Ejipura, a pump and motor installation work near the JJ Church near the pipe well.","2.40"
"147","2014-15","75","ವಾ.ನಂ.148-ಈಜೀಪುರ, ಜೆ.ಜೆ ಚರ್ಚ್ ಹತ್ತಿರ ಕೊಳವೆ ಬಾವಿಗೆ  ಪೈಪ್‍ಲೈನ್ ಮುಖಾಂತರ ನೀಡು ಸರಬರಾಜು ಹಾಗೂ ವಿದ್ಯುತ್ ಸಂಪರ್ಕ ಕಲ್ಪಿಸುವ ಕಾಮಗಾರಿ.","W.M.148 - Work to supply supplies and power through a pipeline to the tube well near JJ Church, Ejipur.","1.20"
"148","2014-15","76","ವಾರ್ಡ್ ನಂ.151-ಕೋರಮಂಗಲ.ಎಸ್.ಜಿ.ವಿಯ ನೇತ್ರಾವತಿ ಬ್ಲಾಕ್ ಹತ್ತಿg ಕೊಳವೆ ಬಾವಿ ಕೊರೆಯುವ ಕಾಮಗಾರಿ.À","Ward No.151-Koramangala.SGV Netravathi Block Cotton Gauging Well Drilling Work","2.40"
"149","2014-15","77","ವಾರ್ಡ್ ನಂ.151-ಕೋರಮಂಗಲ.ಎಸ್.ಜಿ.ವಿಯ ನೇತ್ರಾವತಿ ಬ್ಲಾಕ್ ಹತ್ತಿg ಕೊಳವೆ ಬಾವಿಗೆ ಪಂಪ್ ಮತ್ತು ಮೋಟಾರ್ ಅಳವಡಿಸುವ ಕಾಮಗಾರಿ.","Ward No.151-Koramangala.SGV Netravati Block Cotton g pipe well pump and motor installation work.","2.40"
"150","2014-15","78","ವಾರ್ಡ್ ನಂ.151-ಕೋರಮಂಗಲ.ಎಸ್.ಜಿ.ವಿಯ ನೇತ್ರಾವತಿ ಬ್ಲಾಕ್ ಹತ್ತಿg ಕೊಳವೆ ಬಾವಿಗೆ ಪೈಪ್‍ಲೈನ್ ಮುಖಾಂತರ ನೀಡು ಸರಬರಾಜು ಹಾಗೂ ವಿದ್ಯುತ್ ಸಂಪರ್ಕ ಕಲ್ಪಿಸುವ ಕಾಮಗಾರಿ.","Ward No No. 151-Koramangala.SGV Netravati Black Cotton g Tube Well Pipeline to supply supply and power connectivity.","1.20"
"151","2014-15","79","ವಾರ್ಡ್ ನಂ.151-ಕೋರಮಂಗಲ.ಎಸ್.ಜಿ.ವಿಯ ಯಮುನಾ ಬ್ಲಾಕ್ ಹತ್ತಿg ಕೊಳವೆ ಬಾವಿ ಕೊರೆಯುವ ಕಾಮಗಾರಿ.À","Ward No.151-Koramangala.SGV Yamuna Block Cotton Gauging Well Drilling Work","2.40"
"152","2014-15","80","ವಾರ್ಡ್ ನಂ.151-ಕೋರಮಂಗಲ.ಎಸ್.ಜಿ.ವಿಯ ಯಮುನಾ ಬ್ಲಾಕ್ ಹತ್ತಿg ಕೊಳವೆ ಬಾವಿಗೆ ಪಂಪ್ ಮತ್ತು ಮೋಟಾರ್ ಅಳವಡಿಸುವ ಕಾಮಗಾರಿ.","Ward No.151-Koramangala.SGV Yamuna Black Cotton g pipe well pump and motor installation work.","2.40"
"153","2014-15","81","ವಾರ್ಡ್ ನಂ.151-ಕೋರಮಂಗಲ.ಎಸ್.ಜಿ.ವಿಯ ಯಮುನಾ ಬ್ಲಾಕ್ ಹತ್ತಿg ಕೊಳವೆ ಬಾವಿಗೆ ಪೈಪ್‍ಲೈನ್ ಮುಖಾಂತರ ನೀಡು ಸರಬರಾಜು ಹಾಗೂ ವಿದ್ಯುತ್ ಸಂಪರ್ಕ ಕಲ್ಪಿಸುವ ಕಾಮಗಾರಿ.","Ward No.151-Koramangala.SGV Yamuna Block Cotton g pipe is provided with supply and power connectivity through the pipeline.","1.20"
"154","2014-15","82","ವಾ.ನಂ.148-ಈಜೀಪುರ, 20ನೇ ಕ್ರಾಸ್, ಮಯೂರ್ ಗಾರ್ಡನ್ ಅಪಾರ್ಟ್‍ಮೆಂಟ್ಸ್ ಹತ್ತಿರ ಕೊಳವೆ ಬಾವಿ ಕೊರೆಯುವ ಕಾಮಗಾರಿ.","W.No.148-Ezipura, 20th Cross, Mueor Garden Apartment near to the construction of a tube well.","2.40"
"155","2014-15","83","ವಾ.ನಂ.148-ಈಜೀಪುರ, 20ನೇ ಕ್ರಾಸ್, ಮಯೂರ್ ಗಾರ್ಡನ್ ಅಪಾರ್ಟ್‍ಮೆಂಟ್ಸ್ ಹತ್ತಿರ ಕೊಳವೆ ಬಾವಿಗೆ ಪಂಪ್ ಮತ್ತು ಮೋಟಾರ್ ಅಳವಡಿಸುವ ಕಾಮಗಾರಿ.","W.M.148-Ezipur, 20th Cross, Pump and Motor Installment Near the Mayur Garden Apartments near the Pipe Wells.","2.40"
"156","2014-15","84","ವಾ.ನಂ.148-ಈಜೀಪುರ, 20ನೇ ಕ್ರಾಸ್, ಮಯೂರ್ ಗಾರ್ಡನ್ ಅಪಾರ್ಟ್‍ಮೆಂಟ್ಸ್ ಹತ್ತಿರ ಕೊಳವೆ ಬಾವಿಗೆ ಬಾವಿಗೆ ಪೈಪ್‍ಲೈನ್ ಮುಖಾಂತರ ನೀಡು ಸರಬರಾಜು ಹಾಗೂ ವಿದ್ಯುತ್ ಸಂಪರ್ಕ ಕಲ್ಪಿಸುವ ಕಾಮಗಾರಿ.","W.M.148 - Ezhipuram, 20th Cross, Mayur Garden Apartment to provide supply and power connection through the pipeline to the well for the well.","1.20"
"157","2014-15","85","ವಾ.ನಂ.151-ಕೋರಮಂಗಲ, ಬಿಸ್ಲರಿ ಸಲ ಹತ್ತಿರ ಕೊಳವೆ ಬಾವಿ ಕೊರೆಯುವ ಕಾಮಗಾರಿ.","Won No.151-Coromangla, Bissery Sewerage Project.","2.40"
"158","2014-15","86","ವಾ.ನಂ.151-ಕೋರಮಂಗಲ, ಬಿಸ್ಲರಿ ಸಲ ಹತ್ತಿರ ಕೊಳವೆ ಬಾವಿಗೆ ಪಂಪ್ ಮತ್ತು ಮೋಟಾರ್ ಅಳವಡಿಸುವ ಕಾಮಗಾರಿ.","Construction of pumps and motor pumps near WM 151-Koramangala, Bissery times near the pipe well.","2.40"
"159","2014-15","87","ವಾ.ನಂ.151-ಕೋರಮಂಗಲ, ಬಿಸ್ಲರಿ ಸಲ ಹತ್ತಿರ ಕೊಳವೆ ಬಾವಿಗೆ ಪೈಪ್‍ಲೈನ್ ಮುಖಾಂತರ ನೀಡು ಸರಬರಾಜು ಹಾಗೂ ವಿದ್ಯುತ್ ಸಂಪರ್ಕ ಕಲ್ಪಿಸುವ ಕಾಮಗಾರಿ.","Construction work to supply supply and power through Pipeline to WM151-Koramangala, Bislari Sewerage pipe well.","1.20"
"160","2015-16","1","148-ಈಜೀಪುರದ 7ನೇ ಕ್ರಾಸ್, ಆರ್.ಎ.ರಸ್ತೆ-ಕೊಳವೆ ಬಾವಿ ಕೊರೆಯುವ ಕಾಮಗಾರಿ.","148-7th Cross of RJ Road, R.A.R.-Tube Well Drilling Work.","2.40"
"161","2015-16","2","148-ಈಜೀಪುರದ 7ನೇ ಕ್ರಾಸ್, ಆರ್.ಎ.ರಸ್ತೆ-ಕೊಳವೆ ಬಾವಿಗೆ ಪಂಪ್ ಮತ್ತು ಮೋಟಾರ್ ಅಳವಡಿಸುವ ಕಾಮಗಾರಿ.","148 - 7th Cross of Ezipur, Pump and Motor Installment for RA Road-Tube Wells.","2.40"
"162","2015-16","3","148-ಈಜೀಪುರದ 7ನೇ ಕ್ರ್ರಾಸ್, ಆರ್.ಎ.ರಸ್ತೆ-ಕೊಳವೆ ಬಾವಿಗೆ ಪೈಪ್‍ಲೈನ್ ಮುಖಾಂತರ ನೀಡು ಸರಬರಾಜು ಹಾಗೂ ವಿದ್ಯುತ್ ಸಂಪರ್ಕ ಕಲ್ಪಿಸುವ ಕಾಮಗಾರಿ.","148 - The 7th Cross of Ezipur, the construction of power supply and power connectivity through the pipeline to the R.A.R.R.-","1.20"
"163","2015-16","4","147-ಆಡುಗೋಡಿ, 8ನೇ ಬ್ಲಾಕ್, ಕೋರಮಂಗಲ, ಕೊಳವೆ ಬಾವಿ ಕೊರೆಯುವ ಕಾಮಗಾರಿ.","147-Audugodi, 8th Block, Koramangala, Tube Well Drilling Work.","2.40"
"164","2015-16","5","147-ಆಡುಗೋಡಿ, 8ನೇ ಬ್ಲಾಕ್À, ಕೋರಮಂಗಲ, ಕೊಳವೆ ಬಾವಿಗೆ ಪಂಪ್ ಮತ್ತು ಮೋಟಾರ್ ಅಳವಡಿಸುವ ಕಾಮಗಾರಿ.","147-Audugodi, 8th block, Koramangala, pump and motor installation work to the nozzle well.","2.40"
"165","2015-16","6","147-ಆಡುಗೋಡಿ, 8ನೇ ಬ್ಲಾಕ್ ಕೋರಮಂಗಲ, ಕೊಳವೆ ಬಾವಿಗೆ ಪೈಪ್‍ಲೈನ್ ಮುಖಾಂತರ ನೀಡು ಸರಬರಾಜು ಹಾಗೂ ವಿದ್ಯುತ್ ಸಂಪರ್ಕ ಕಲ್ಪಿಸುವ ಕಾಮಗಾರಿ.","147-Audugodi, 8th Block Koramangala, Pipeline to provide supply and power connectivity to the pipeline well.","1.20"
"166","2015-16","7","148-ಈಜೀಪುರದ 3ನೇ ಕ್ರಾಸ್, ಜೆ.ಜೆ. ಚರ್ಚ್ ಹತ್ತಿರ ಕೊಳವೆ ಬಾವಿ ಕೊರೆಯುವ ಕಾಮಗಾರಿ.","148-Third Cross of Ezipur, J.J. Tube well drilling work near the church.","2.40"
"167","2015-16","8","148-ಈಜೀಪುರದ 3ನೇ ಕ್ರಾಸ್, ಜೆ.ಜೆ. ಚರ್ಚ್ ಹತ್ತಿರ ಕೊಳವೆ ಬಾವಿಗೆ ಪಂಪ್ ಮತ್ತು ಮೋಟಾರ್ ಅಳವಡಿಸುವ ಕಾಮಗಾರಿ","148-Third Cross of Ezipur, J.J. The pump and motor installation work to the tube well near the church","2.40"
"168","2015-16","9","148-ಈಜೀಪುರದ 3ನೇ ಕ್ರಾಸ್, ಜೆ.ಜೆ. ಚರ್ಚ್ ಹತ್ತಿರ ಕೊಳವೆ ಬಾವಿಗೆ ಪೈಪ್‍ಲೈನ್ ಮುಖಾಂತರ ನೀಡು ಸರಬರಾಜು ಹಾಗೂ ವಿದ್ಯುತ್ ಸಂಪರ್ಕ ಕಲ್ಪಿಸುವ ಕಾಮಗಾರಿ.","148-Third Cross of Ezipur, J.J. Provide supply and power connectivity through a pipeline to the pipe well near the church.","1.20"
"169","2015-16","10","ರವಿ.ಎಸ್ (ವಿಕಲಾಂಗರು) ಸಂ.07, 07ನೇ ಮುಖ್ಯರಸ್ತೆ, ಲಕ್ಕಸಂದ್ರ, ಬೆಂ-50 ಇವರಿಗೆ ತ್ರಿಚಕ್ರ ವಾಹನ ಖರೀದಿಗಾಗಿ.","RVS (Disabilities) No.07, 07th Main Road, Lakshasundra, B-50 for Triplicate Vehicle Purchase.","0.84"
"170","2015-16","11","Providing shelter works in 2nd floor over library building at BBMP swabhimana park (Second floor) Koramangala 4th block BTM Assembly constituency Banaglore.","Providing shelter works in 2nd floor over library building at BBMP swabhimana park (Second floor) Koramangala 4th block BTM Assembly constituency Banaglore.","10.00"
"171","2015-16","12","ಹೈದರ್ ಷರೀಫ್, ನಂ.230/4, 3ನೇ ಕ್ರಾಸ್, ವೆಂಕಟಾಪುರ ಮುಖ್ಯರಸ್ತೆ, ಕೋರಮಂಗಲ 1ನೇ ಬ್ಲಾಕ್, ಬೆಂ. ಇವರಿಗೆ ತ್ರಿಚಕ್ರ ವಾಹನ ಖರೀದಿಗಾಗಿ.","Haider Sheriff, No.230 / 4, 3rd Cross, Venkatapura Main Road, Koramangala 1st Block, Bell. For a three-wheel drive vehicle.","0.82"
"172","2015-16","13","ಟಿ.ಗೋಪಾಲ್, ನಂ.69, ಎಸ್.ಜಿ.ಪಾಳ್ಯ, ಡಿ.ಆರ್.ಸಿ ಅಂಚೆ, 2ನೇ ಮುಖ್ಯರಸ್ತೆ, ಬೆಂ. ಇವರಿಗೆ ತ್ರಿಚಕ್ರ ವಾಹನ ಖರೀದಿಗಾಗಿ.","T. Gopal, No.69, SG Palya, DRC Post, 2nd Main Road, b. For a three-wheel drive vehicle.","0.80"
"173","2015-16","14","ವಾಸುದೇವ ಹೊಳ್ಳಾ.ಕೆ.ಆರ್ ಬಿನ್ ಕೆ.ವಿ.ರಾಮಕೃಷ್ಣ, ನಂ.471, 19ನೇ ಮುಖ್ಯರಸ್ತೆ, ಜಯನಗರ ಟಿ ಬ್ಲಾಕ್, ಬೆಂ. ಇವರಿಗೆ ತ್ರಿಚಕ್ರ ವಾಹನ ಖರೀದಿಗಾಗಿ.","Vasudeva Holla.KR Bin KV Ramakrishna, No.471, 19th Main Road, Jayanagar T Block, b. For a three-wheel drive vehicle.","0.70"
"174","2015-16","15","ವಾ.ನಂ.172 ಮಡಿವಾಳ, ಪೂರ್ವ ದಿಕ್ಕಿನ ಕಡೆ, 32ನೇ ಮುಖ್ಯರಸ್ತೆಯಲ್ಲಿ ಕಾಂಕ್ರೀಟ್ ಚರಂಡಿ ಅಭಿವೃದ್ಧಿ ಕಾಮಗಾರಿ.","Concrete drainage development works on the 32nd mainland, on the east side of W.No.172 Madiva.","12.00"
"175","2015-16","16","ವಾ.ನಂ.172 ಮಡಿವಾಳ, ಪಶ್ಚಿಮ ದಿಕ್ಕಿನ ಕಡೆ, 32ನೇ ಮುಖ್ಯರಸ್ತೆಯಲ್ಲಿ ಕಾಂಕ್ರೀಟ್ ಚರಂಡಿ ಅಭಿವೃದ್ಧಿ ಕಾಮಗಾರಿ.","Concrete sewage development works on the 32nd mainland on the west side, Madiva.","12.00"
"176","2015-16","17","Construction of RCC Drain at Right Side of 32th Main Road, Madiwala in Ward No-172.","Construction of RCC Drain at Right Side of 32th Main Road, Madiwala in Ward No-172.","8.00"
"177","2015-16","18","Construction of RCC Drain at Left Side of 32th Main Road, Madiwala in Ward No-172.","Construction of RCC Drain at Left Side of 32th Main Road, Madiwala in Ward No-172.","8.00"
"178","2015-16","19","Construction of RCC Drain at both Side Left and Right of 32th Main Road, Madiwala in Ward No-172.","Construction of RCC Drain at both Side Left and Right of 32th Main Road, Madiwala in Ward No-172.","8.00"
"179","2015-16","20","ವಾರ್ಡ್ ನಂ.151 – ಕೋರಮಂಗಲ, 03ನೇ ಬ್ಲಾಕ್, ಅಂಚೆ ಕಛೇರಿ ರಸ್ತೆ, ಬೃಹತ್ ಬೆಂಗಳೂರು ಮಹಾನಗರ ಪಾಲಿಕೆಯ ಉದ್ಯಾನವನದಲ್ಲಿರುವ ಗ್ರಂಥಾಲಯದ 02 ಮಹಡಿಯಲ್ಲಿ ಶೆಟ್ಟರ್ ನಿರ್ಮಾಣದ ಕಾಮಗಾರಿ.","Ward No.151 - Coromangala, 03rd Block, Post Office Road, Workshop on the 02rd floor of the library at the Great Bangalore Metropolitan Park Park.","10.00"
"180","2015-16","21","ವಾರ್ಡ್ ನಂ.151 – ಕೋರಮಂಗಲದ 04ನೇ ಬ್ಲಾಕ್‍ನ ಸ್ವಾಭಿಮಾನ ಉದ್ಯಾನವನದಲ್ಲಿ ಎಂ.ಎಸ್.ಶೆಟ್ಟರ್ ನಿರ್ಮಿಸುವ ಕಾಮಗಾರಿ.","Ward No.151 - Construction of MS Shettar at Swabhiman Park, 04th Block, Koramangala.","2.00"
"181","2015-16","22","Construction of Room near library building in Swabhimana park at Kormangala 04th block, Ward No.151, BTM Assembly Constituency, Bengaluru.","Construction of Room near library building in Swabhimana park at Kormangala 04th block, Ward No.151, BTM Assembly Constituency, Bengaluru.","4.00"
"182","2015-16","23","Development works at Room near library building in Swabhimana park at Kormangala 04th block, Ward No.151, BTM Assembly Constituency, Bengaluru.","Development works at Room near library building in Swabhimana park at Kormangala 04th block, Ward No.151, BTM Assembly Constituency, Bengaluru.","5.25"
"183","2015-16","24","ಬೆಂಗಳೂರು ನಗರ ಜಿಲ್ಲೆಯ ರಾಜ್ಯ ಸರ್ಕಾರಿ ನೌಕರರ ರಾಜ್ಯ ಮಟ್ಟದ ಕ್ರೀಡಾಕೂಟಗಳಲ್ಲಿ ಬೆಂಗಳೂರು ನಗರ ಜಿಲ್ಲೆಯಿಂದ ಆಯ್ಕೆಯಾದ ಕ್ರೀಡಾಪಟುಗಳಿಗೆ ಟ್ರಾಕ್‍ಸೂಟ್ ವಿತರಿಸಲು","To distribute trucks to athletes selected from Bangalore Urban District at State level Games of State Government Employees of Bangalore Urban District","5.00"
"184","2015-16","25","Construction of Room & M.S Gate M.S Door at Krishna & Sharavathi Block, NGV Koramangala","Construction of Room & M.S Gate M.S Door at Krishna & Sharavathi Block, NGV Koramangala","5.00"
"185","2015-16","26","Providing Cement Concrete to footpath at Krishna Block NGV Koramangala","Providing Cement Concrete to footpath at Krishna Block NGV Koramangala","2.45"
"186","2015-16","27","Providing Cement Concrete to footpath at Krishna Block NGV Koramangala","Providing Cement Concrete to footpath at Krishna Block NGV Koramangala","2.45"
"187","2015-16","28","Providing Cement Concrete to footpath at Sharavathi Block NGV Koramangala","Providing Cement Concrete to footpath at Sharavathi Block NGV Koramangala","2.45"
"188","2015-16","29","Providing Cement Concrete to footpath at Sharavathi Block NGV Koramangala","Providing Cement Concrete to footpath at Sharavathi Block NGV Koramangala","2.45"
"189","2015-16","30","ಶ್ರೀ ರಾಜೇಶ್.ಸಿ (ವಿಕಲಾಂಗರು), ಸಂ:311, 1ನೇ ಅಡ್ಡರಸ್ತೆ, ಪಾಪಯ್ಯ ಬಡಾವಣೆ, ಮಡಿವಾಳ, ಬೆಂಗಳೂರು. ಇವರಿಗೆ ತ್ರಿಚಕ್ರ ವಾಹನ ಖರೀದಿಗಾಗಿ.","Sri Rajesh C. (Vikalangar), No. 311, 1st Crossroads, Papaya Layout, Madivala, Bangalore. For a three-wheel drive vehicle.","0.80"
"190","2015-16","31","ಶ್ರೀ ಇರ್ಫಾನ್ ಬೇಗ್(ವಿಕಲಾಂಗರು) ಬಿನ್ ಎನ್.ಕೆ ದಾವುದ್ ಬೇಗ್, ಸಂ:03, 13ನೇ ಕ್ರಾಸ್, 8 ಅಡಿ ರಸ್ತೆ, ರಾಜೇಂದ್ರನಗರ, ಕೋರಮಂಗಲ, ಬೆಂಗಳೂರು ಇವರಿಗೆ ತ್ರಿಚಕ್ರ ವಾಹನ ಖರೀದಿಗಾಗಿ.","Mr. Irfan Baig (Disabled) Bin NK Dawood Beg, Vol.3, 13th Cross, 8th Street, Rajendranagar, Koramangala, Bangalore for Triplicate Vehicle Purchase.","0.80"
"191","2015-16","32","Construction of Library Building at BBMP Lakshmidevi park, Koramangala, 06th block ward No.151.","Construction of Library Building at BBMP Lakshmidevi park, Koramangala, 06th block ward No.151.","20.00"
"192","2015-16","33","ಬೆಂಗಳೂರು ನಗರ ಜಿಲ್ಲೆ,   ವಾರ್ಡ್ ಸಂಖ್ಯೆ:145, ಹೊಂಬೇಗೌಡನಗರ ಲಕ್ಕಸಂದ್ರದಲ್ಲಿ ಮೇರಿ ಇಮ್ಯಾಕ್ಯುಲೇಟ್ ಶಾಲೆ (ಹೆಣ್ಣು ಮಕ್ಕಳ ಶಾಲೆ) ಹಿಂಭಾಗದ ಬಿ.ಬಿ.ಎಂ.ಪಿ ಜಾಗದಲ್ಲಿ ತಡೆಗೋಡೆ ನಿರ್ಮಾಣ ಕಾಮಗಾರಿ.","Bangalore Urban District, Ward No: 145, Marie Immaculate School (Female School) at Hombagudanagar Lakkasandra, barrier construction work on the rear BBMP site.","14.92"
"193","2015-16","34","ಬೆಂಗಳೂರು ನಗರ ಜಿಲ್ಲೆ,   ವಾರ್ಡ್ ಸಂಖ್ಯೆ:147, ಅಡುಗೋಡಿ 20ನೇ ಅಡ್ಡರಸ್ತೆ ಹತ್ತಿರ-ಕುಡಿಯುವ ನೀರು ಪೂರೈಸುವ ಯೋಜನೆ ಕಾಮಗಾರಿ ಹಂತ-1.","Bangalore Urban District, Ward No: 147, Adugodi 20th Crossroads Nearly-Drinking Water Project Scheme-1.","2.50"
"194","2015-16","35","ಬೆಂಗಳೂರು ನಗರ ಜಿಲ್ಲೆ,   ವಾರ್ಡ್ ಸಂಖ್ಯೆ:147, ಅಡುಗೋಡಿ 20ನೇ ಅಡ್ಡರಸ್ತೆ ಹತ್ತಿರ-ಕುಡಿಯುವ ನೀರು ಪೂರೈಸುವ ಯೋಜನೆ ಕಾಮಗಾರಿ ಹಂತ-2.","Bangalore Urban District, Ward No: 147, Adugodi 20th Crossroads Nearly-Drinking Water Project Project Level 2.","2.50"
"195","2015-16","36","ಬೆಂಗಳೂರು ನಗರ ಜಿಲ್ಲೆ,   ವಾರ್ಡ್ ಸಂಖ್ಯೆ:147, ಅಡುಗೋಡಿ 20ನೇ ಅಡ್ಡರಸ್ತೆ ಹತ್ತಿರ-ಕುಡಿಯುವ ನೀರು ಪೂರೈಸುವ ಯೋಜನೆ ಕಾಮಗಾರಿ ಹಂತ-3.","Bangalore Urban District, Ward No: 147, Adugodi 20th Crossroads Nearly-Drinking Water Project Project -3.","2.00"
"196","2015-16","37","ಬೆಂಗಳೂರು ನಗರ ಜಿಲ್ಲೆ,   ವಾರ್ಡ್ ಸಂಖ್ಯೆ:148, ಈಜೀಪುರದ ತಿಗಳರ ರುಧ್ರಭೂಮಿ ಹತ್ತಿರ- ಕುಡಿಯುವ ನೀರು ಪೂರೈಸುವ ಯೋಜನೆ ಕಾಮಗಾರಿ ಹಂತ-1.","Bangalore Urban District, Ward No: 148, Approach to Measurement of Nearly-Drinking Water Project in Ezhipuri Rural Areas.","2.50"
"197","2015-16","38","ಬೆಂಗಳೂರು ನಗರ ಜಿಲ್ಲೆ,   ವಾರ್ಡ್ ಸಂಖ್ಯೆ:148, ಈಜೀಪುರದ ತಿಗಳರ ರುಧ್ರಭೂಮಿ ಹತ್ತಿರ- ಕುಡಿಯುವ ನೀರು ಪೂರೈಸುವ ಯೋಜನೆ ಕಾಮಗಾರಿ ಹಂತ-2.","Bangalore Urban District, Ward No: 148, Near Ritrabhoomi of Ejipuri, near-drinking water project.","2.50"
"198","2015-16","39","ಬೆಂಗಳೂರು ನಗರ ಜಿಲ್ಲೆ,   ವಾರ್ಡ್ ಸಂಖ್ಯೆ:148, ಈಜೀಪುರದ ತಿಗಳರ ರುಧ್ರಭೂಮಿ ಹತ್ತಿರ- ಕುಡಿಯುವ ನೀರು ಪೂರೈಸುವ ಯೋಜನೆ ಕಾಮಗಾರಿ ಹಂತ-3.","Bangalore Urban District, Ward No: 148, Nearly Rs.","2.00"
"199","2015-16","40","ಬೆಂಗಳೂರು ನಗರ ಜಿಲ್ಲೆ,   ವಾರ್ಡ್ ಸಂಖ್ಯೆ:151, ಕೋರಮಂಗಲದ ಉದಯ ಬಾರ್ ಹತ್ತಿರ- ಕುಡಿಯುವ ನೀರು ಪೂರೈಸುವ ಯೋಜನೆ ಕಾಮಗಾರಿ ಹಂತ-1.","Bangalore Urban District, Ward No: 151, Uday Bar of Koramangala Nearly-Drinking Water Project Scheme-1.","2.50"
"200","2015-16","41","ಬೆಂಗಳೂರು ನಗರ ಜಿಲ್ಲೆ,   ವಾರ್ಡ್ ಸಂಖ್ಯೆ:151, ಕೋರಮಂಗಲದ ಉದಯ ಬಾರ್ ಹತ್ತಿರ- ಕುಡಿಯುವ ನೀರು ಪೂರೈಸುವ ಯೋಜನೆ ಕಾಮಗಾರಿ ಹಂತ-2.","Bangalore Urban District, Ward No: 151, Uday Bar of Koramangal Near-Drinking Water Planning Project 2.","2.50"
"201","2015-16","42","ಬೆಂಗಳೂರು ನಗರ ಜಿಲ್ಲೆ,   ವಾರ್ಡ್ ಸಂಖ್ಯೆ:151, ಕೋರಮಂಗಲದ ಉದಯ ಬಾರ್ ಹತ್ತಿರ- ಕುಡಿಯುವ ನೀರು ಪೂರೈಸುವ ಯೋಜನೆ ಕಾಮಗಾರಿ ಹಂತ-3.","Bangalore Urban District, Ward No: 151, Uday Bar of Koramangal Nearly-Drinking Water Project Project -3.","2.00"
"202","2015-16","43","Ward No:148, Ejipura, Installation of RO Water Plant at 20th 1st Cross, Pipe Line Junction.","Ward No:148, Ejipura, Installation of RO Water Plant at 20th 1st Cross, Pipe Line Junction.","9.00"
"203","2015-16","44","Ward No:148, Ejipura, Installation of RO Water Plant at Srinivagilu near Ganesha Temple next to Samudhaya Bhavan.","Ward No:148, Ejipura, Installation of RO Water Plant at Srinivagilu near Ganesha Temple next to Samudhaya Bhavan.","9.00"
"204","2015-16","45","Ward No:148, Ejipura, Installation of RO Water Plant at S.T.Bed, 02nd Main Road, Near Play Ground.","Ward No:148, Ejipura, Installation of RO Water Plant at S.T.Bed, 02nd Main Road, Near Play Ground.","10.00"
"205","2015-16","46","Ward No:148, Ejipura, Installation of RO Water Plant at NGV. Opp: Judicial Layout.","Ward No:148, Ejipura, Installation of RO Water Plant at NGV. Opp: Judicial Layout.","10.00"
"206","2015-16","47","Ward No:148, Ejipura, Installation of RO Water Plant at K.K Road, Next to Govt Middle School.","Ward No:148, Ejipura, Installation of RO Water Plant at K.K Road, Next to Govt Middle School.","10.00"
"207","2015-16","48","Ward No:148, Ejipura, Installation of RO Water Plant at Grape Garden Entrance, Next to Modaliar House.","Ward No:148, Ejipura, Installation of RO Water Plant at Grape Garden Entrance, Next to Modaliar House.","9.00"
"208","2015-16","49","Ward No:148, Ejipura, Installation of RO Water Plant at Indra Gandhi Slum.","Ward No:148, Ejipura, Installation of RO Water Plant at Indra Gandhi Slum.","9.00"
"209","2015-16","50","Ward No:148, Ejipura, Installation of RO Water Plant at 02th Cross, Aradhana Layout.","Ward No:148, Ejipura, Installation of RO Water Plant at 02th Cross, Aradhana Layout.","9.00"
"210","2016-17","1","Ward No:147, Adugodi, Installation of RO Water Plant at Adugodi, Anjeneya Temple Street, Near Ambedkar Bhavan.","Ward No:147, Adugodi, Installation of RO Water Plant at Adugodi, Anjeneya Temple Street, Near Ambedkar Bhavan.","9.00"
"211","2016-17","2","Ward No:147, Adugodi, Installation of RO Water Plant at Rajendra Nagar, 1st Main, Near Ambedkar Bhavan, Sri Muneshwara Temple.","Ward No:147, Adugodi, Installation of RO Water Plant at Rajendra Nagar, 1st Main, Near Ambedkar Bhavan, Sri Muneshwara Temple.","10.00"
"212","2016-17","3","Ward No:147, Adugodi, Installation of RO Water Plant at Rajendra Nagar, 7th Main, 1st Cross, Govt.School Building.","Ward No:147, Adugodi, Installation of RO Water Plant at Rajendra Nagar, 7th Main, 1st Cross, Govt.School Building.","10.00"
"213","2016-17","4","Ward No:147, Adugodi, Installation of RO Water Plant at Rajendra Nagar 7th Main, 6th Cross, Opp Al Ameen Stores.","Ward No:147, Adugodi, Installation of RO Water Plant at Rajendra Nagar 7th Main, 6th Cross, Opp Al Ameen Stores.","9.00"
"214","2016-17","5","Ward No:147, Adugodi, Installation of RO Water Plant at Koramangala 8th Block, Near Corporation Bank.","Ward No:147, Adugodi, Installation of RO Water Plant at Koramangala 8th Block, Near Corporation Bank.","10.00"
"215","2016-17","6","Ward No:147, Adugodi, Installation of RO Water Plant at Adugodi Police Quarters, Near Tippu Block.","Ward No:147, Adugodi, Installation of RO Water Plant at Adugodi Police Quarters, Near Tippu Block.","10.00"
"216","2016-17","7","Ward No:147, Adugodi, Installation of RO Water Plant at 10th Main, 9th Cross, Opp: Passport Office Road.","Ward No:147, Adugodi, Installation of RO Water Plant at 10th Main, 9th Cross, Opp: Passport Office Road.","9.00"
"217","2016-17","8","Construction of Library Hall in 01st floor at 05th block, KHB Park, Koramangala.","Construction of Library Hall in 01st floor at 05th block, KHB Park, Koramangala.","10.00"
"218","2016-17","9","Improvements to Library Hall at 05th block, KHB Park, Koramangala.","Improvements to Library Hall at 05th block, KHB Park, Koramangala.","5.00"
"219","2016-17","10","Ward No.151, Koramangala, Installation of RO Water Plant at Visweshwaraiah Quarters","Ward No.151, Koramangala, Installation of RO Water Plant at Visweshwaraiah Quarters","9.00"
"220","2016-17","11","Ward No.151, Koramangala, Installation of RO Water Plant at Mestripalya","Ward No.151, Koramangala, Installation of RO Water Plant at Mestripalya","10.00"
"221","2016-17","12","Ward No.151, Koramangala, Installation of RO Water Plant near Govt School-Yellamma Temple.","Ward No.151, Koramangala, Installation of RO Water Plant near Govt School-Yellamma Temple.","9.00"
"222","2016-17","13","Ward No.151, Koramangala, Installation of RO Water Plant near Madagalamma Temple at Koramangala Village.","Ward No.151, Koramangala, Installation of RO Water Plant near Madagalamma Temple at Koramangala Village.","9.00"
"223","2016-17","14","Ward No.151, Koramangala, Installation of RO Water Plant at Nadubidiyamma Temple.","Ward No.151, Koramangala, Installation of RO Water Plant at Nadubidiyamma Temple.","9.00"
"224","2016-17","15","Ward No.151, Koramangala, Installation of RO Water Plant near Kaligamma Temple.","Ward No.151, Koramangala, Installation of RO Water Plant near Kaligamma Temple.","9.00"
"225","2016-17","16","Ward No.151, Koramangala, Installation of RO Water Plant at Dr.B.R.Ambedkar Samudaya Bhavana in Koramangala Village.","Ward No.151, Koramangala, Installation of RO Water Plant at Dr.B.R.Ambedkar Samudaya Bhavana in Koramangala Village.","9.00"
"226","2016-17","17","Ward No.152, Koramangala, Installation of RO Water Plant at Christ School road Bharathi Layout, near Catholic Bank.","Ward No.152, Koramangala, Installation of RO Water Plant at Christ School road Bharathi Layout, near Catholic Bank.","9.00"
"227","2016-17","18","ಬೆಂಗಳೂರು ನಗರ, ಬಿ.ಟಿ.ಎಂ ವಿಧಾನಸಭಾ ಕ್ಷೇತ್ರ ವ್ಯಾಪ್ತಿಯ ವಾರ್ಡ್ ನಂ:151 ಕೋರಮಂಗಲ 04ನೇ ಬ್ಲಾಕ್ ಬಿ.ಬಿ.ಎಂ.ಪಿ ಸ್ವಾಭಿಮಾನ ಪಾರ್ಕ್‍ನಲ್ಲಿ ನೀರಿನ ಕಾರಂಚಿಯನ್ನಯ ನಿರ್ಮಿಸುವ ಕಾಮಗಾರಿ.","Bangalore Urban, BTM Assembly Constituency Ward No. 151 Koramangala 04th Block BBMP Swabhiman Park is the construction of the water caranchion.","4.50"
"228","2016-17","19","ಶ್ರೀ ವೆಂಕಟಾದ್ರಿ ನಾಯ್ಡು, #970, 7ನೇ ಕ್ರಾಸ್, 16ನೇ ಮುಖ್ಯರಸ್ತೆ, ಬಿ.ಟಿ.ಎಂ 2ನೇ ಹಂತ, ಬೆಂಗಳೂರು ರವರಿಗೆ ತ್ರಿಚಕ್ರ ವಾಹನ ಖರೀದಿಗಾಗಿ.","Sri Venkatadri Naidu, # 970, 7th Cross, 16th Main Road, BTM 2nd Stage, for Triplicane Vehicles for Bangalore.","0.85"
"229","2016-17","20","ಬೆಂಗಳೂರು ನಗರ, ಬಿ.ಟಿ.ಎಂ ವಿಧಾನಸಭಾ ಕ್ಷೇತ್ರ ವ್ಯಾಪ್ತಿಯ ಬೃಹತ್ ಬೆಂಗಳೂರು ಮಹಾನಗರ ಪಾಲಿಕೆ ಈಜೀಪುರ ವಾರ್ಡ್ ನಂ:148ರ ಎನ್.ಜಿ.ವಿಯ ಕೃಷ್ಣ ಮತ್ತು ಶರಾವತಿ ಬ್ಲಾಕ್ ಹತ್ತಿರ ಸಾರ್ವಜನಿಕರಿಗೆ ಹಾಗೂ ಅಲ್ಲಿನ ನಾಗರೀಕರಿಗೆ ಒಂದು ಶೌಚಾಲಯ ನಿರ್ಮಾಣ ಕಾಮಗಾರಿ.","Bangalore city, BTM assembly constituency is the largest Bangalore metropolitan area of ​​the city. Ezhipuram Ward No. 148 NGV Krishna and Sharavathi Block, a toilet construction for civilians and civilians.","4.50"
"230","2016-17","21","Construction of Library Room at Ward No.151, Koramangala   (KHB Colony Park) 05th Block, Bengaluru.","Construction of Library Room at Ward No.151, Koramangala   (KHB Colony Park) 05th Block, Bengaluru.","10.00"
"231","2016-17","22","Construction of RO Water Plant near HOPCOMS at Lalbagh Dr. M.H Marigowda Road, Bengaluru.","Construction of RO Water Plant near HOPCOMS at Lalbagh Dr. M.H Marigowda Road, Bengaluru.","10.00"
"232","2016-17","23","ಶ್ರೀ ಪೋತನ್ನ ಬಿನ್ ಲಿಂಗಪ್ಪ, ಬೆಂಗಳೂರು ರವರಿಗೆ ತ್ರಿಚಕ್ರ ವಾಹನ ಖರೀದಿಗಾಗಿ.","Mr. Pothen's Bin Lingappa, for a three-wheel drive vehicle for Bangalore.","0.85"
"233","2016-17","24","Construction of Toilet & Other Improvements to Library at Ward No.151, Koramangala           (KHB Colony Park) 5th Block, Bengaluru.","Construction of Toilet & Other Improvements to Library at Ward No.151, Koramangala           (KHB Colony Park) 5th Block, Bengaluru.","3.25"
"234","2016-17","25","ಶ್ರೀ ಅಶೋಕ.ಜಿ, ನಂ:301, ಮಹಾಲಿಂಗೇಶ್ವರ ಬಡಾವಣೆ, ಅಡುಗೋಡಿ, ಸ್ಮಂ, ಬೆಂಗಳೂರು ರವರಿಗೆ ತ್ರಿಚಕ್ರ ವಾಹನ ಖರೀದಿಗಾಗಿ.","Sri Ashoka G., No. 301, Mahalingeshwara Layout, Adugodi, Smt, Bangalore for Triplicate Vehicle Purchase.","0.83"
"235","2016-17","26","Development Works at BBMP Park Ward No.151, Kormangala, 3rd Block, Post Office Road, Kormangala.","Development Works at BBMP Park Ward No.151, Kormangala, 3rd Block, Post Office Road, Kormangala.","2.65"
"236","2016-17","27","Construction of class room             (Third Floor) at N.S Palya, Govt Higher & Primary School.","Construction of class room             (Third Floor) at N.S Palya, Govt Higher & Primary School.","2.65"
"237","2016-17","28","Ward No-151, Kormangala - Development Work at BBMP Lakshmidevi Park, Koramangala 5th Block.","Ward No-151, Kormangala - Development Work at BBMP Lakshmidevi Park, Koramangala 5th Block.","4.75"
"238","2017-18","1","ಬೆಂಗಳೂರು ನಗರ ವಾರ್ಡ್ ನಂ:146, ಲಕ್ಕಸಂದ್ರ ವಾರ್ಡ್ ನಂ:147 ಆಡುಗೋಡಿ, ವಾರ್ಡ್     ನಂ:148- ಈಜೀಪುರ ವ್ಯಾಪ್ತಿಯಲ್ಲಿ  ಟ್ರೀ ಗಾರ್ಡ್‍ಗಳನ್ನು  ಅಳವಡಿಸುವ ಕಾಮಗಾರಿ.","Bangalore City Ward No: 146, Lakkasandra Ward No: 147 Adugodi, Ward No: 148 - Work on installing forest guards in the jurisdiction.","8.00"
"239","2017-18","2","ಬೆಂಗಳೂರು ನಗರ ವಾರ್ಡ್ ನಂ:151, ಕೋರಮಂಗಲ ವಾರ್ಡ್ ನಂ:173, ಜಕ್ಕಸಂದ್ರ ವಾರ್ಡ್ ನಂ: 172, ಮಡಿವಾಳ ವ್ಯಾಪ್ತಿಯಲ್ಲಿ ಟ್ರೀ ಗಾರ್ಡ್‍ಗಳನ್ನು ಅಳವಡಿಸುವ ಕಾಮಗಾರಿ.","Bangalore City Ward No: 151, Koramangala Ward No: 173, Jakkasandra Ward No. 172, Workshop for installing Tree Guards at Madivala.","8.50"
"240","2017-18","3","ಬೆಂಗಳೂರು ನಗರ ವಾರ್ಡ್ ನಂ:152,             ಎಸ್.ಜಿ ಪಾಳ್ಯ, ವಾರ್ಡ್ ನಂ:176,            ಬಿ.ಟಿ.ಎಂ ಬಡಾವಣೆಯ ವ್ಯಾಪ್ತಿಯಲ್ಲಿ                  ಟ್ರೀ ಗ್ರಾರ್ಡ್‍ಗಳನ್ನು ಅಳವಡಿಸುವ ಕಾಮಗಾರಿ.","Bangalore Urban Ward No: 152, SG Palya, Ward No: 176, BTM Layout Construction of Tree Grads.","8.00"
"241","2017-18","4","ಬಿ.ಟಿ.ಎಂ ಬಡಾವಣೆ 16ನೇ ಮುಖ್ಯರಸ್ತೆಯ                   ಶ್ರೀ ಚಾಮುಂಡೇಶ್ವರಿ ದೇವಸ್ಥಾನದ ಆವರಣದಲ್ಲಿ ಸಾರ್ವಜನಿಕರ ಹಾಗೂ ದೇವಸ್ಥಾನದ ಭಕ್ತಾಧಿಗಳ ಉಪಯೋಗಕ್ಕಾಗಿ ಸಮುದಾಯ ಭವನ ಕಟ್ಟಡ ಕಾಮಗಾರಿ.","BTM Layout 16th Main Street Sri Chamundeshwari Temple Complex is a community building building for use by public and temple devotees.","20.00"
"242","2017-18","5","Not Available","Not Available","22.50"
"243","2017-18","6","Not Available","Not Available","6.00"